Workpackage,treatment,time,Category,Subcategory,Domain,Final_Taxonomy,tpm
WP2,C,0h,Phosphorus metabolism,High affinity transporters,Eukaryotes,Dinoflagellata,0.7485478632143299
WP2,C,0h,Phosphorus metabolism,High affinity transporters,Eukaryotes,Gonyaulacales,6.02026553054162
WP2,C,0h,Phosphorus metabolism,High affinity transporters,Eukaryotes,Gymnodiniales,2.8426628009075436
WP2,C,0h,Phosphorus metabolism,High affinity transporters,Eukaryotes,Peridiniales,0.8939396863364559
WP2,C,0h,Phosphorus metabolism,High affinity transporters,Eukaryotes,Suessiales,0.45566230204524755
WP2,C,0h,Phosphorus metabolism,High affinity transporters,Eukaryotes,Stramenopiles,0.20390047276393694
WP2,C,0h,Phosphorus metabolism,High affinity transporters,Eukaryotes,Ochrophyta,5.5648438720818465
WP2,C,0h,Phosphorus metabolism,High affinity transporters,Eukaryotes,Bacillariophyta,13.84276542677749
WP2,C,0h,Phosphorus metabolism,High affinity transporters,Eukaryotes,Chlorophyta,3.139959897301203
WP2,C,0h,Phosphorus metabolism,High affinity transporters,Eukaryotes,Hacrobia,0.9936545278329704
WP2,C,0h,Phosphorus metabolism,High affinity transporters,Eukaryotes,Rhizaria,0.15203451469249524
WP2,C,0h,Phosphorus metabolism,High affinity transporters,Eukaryotes,Other eukaryotes,1.270421383562398
WP2,C,0h,Phosphorus metabolism,High affinity transporters,Prokaryotes,Alphaproteobacteria,71.0990562138169
WP2,C,0h,Phosphorus metabolism,High affinity transporters,Prokaryotes,Rhodobacterales,1052.4056557474
WP2,C,0h,Phosphorus metabolism,High affinity transporters,Prokaryotes,Puniceispirillales,25.595094178541373
WP2,C,0h,Phosphorus metabolism,High affinity transporters,Prokaryotes,Rhizobiales,3.8396418456702035
WP2,C,0h,Phosphorus metabolism,High affinity transporters,Prokaryotes,Gammaproteobacteria,23.19863882502821
WP2,C,0h,Phosphorus metabolism,High affinity transporters,Prokaryotes,Burkholderiales,3.7918884435411764
WP2,C,0h,Phosphorus metabolism,High affinity transporters,Prokaryotes,Enterobacterales,1581.2150514885957
WP2,C,0h,Phosphorus metabolism,High affinity transporters,Prokaryotes,Pseudomonadales,1038.2448365727676
WP2,C,0h,Phosphorus metabolism,High affinity transporters,Prokaryotes,SAR86,381.5336364580389
WP2,C,0h,Phosphorus metabolism,High affinity transporters,Prokaryotes,Flavobacteriales,10.535326293206394
WP2,C,0h,Phosphorus metabolism,High affinity transporters,Prokaryotes,Actinobacteriota,0.4951489121146806
WP2,C,0h,Phosphorus metabolism,High affinity transporters,Prokaryotes,Archaea,12.730986580521703
WP2,C,0h,Phosphorus metabolism,High affinity transporters,Prokaryotes,Other prokaryotes,5.836664705485509
WP2,C,0h,Phosphorus metabolism,Low affinity transporters,Eukaryotes,Spirotrichea,0.7201265579217955
WP2,C,0h,Phosphorus metabolism,Low affinity transporters,Eukaryotes,Choreotrichida,5.746253533157155
WP2,C,0h,Phosphorus metabolism,Low affinity transporters,Eukaryotes,Tintinnida,0.4719102489058642
WP2,C,0h,Phosphorus metabolism,Low affinity transporters,Eukaryotes,Dinoflagellata,27.315694588201747
WP2,C,0h,Phosphorus metabolism,Low affinity transporters,Eukaryotes,Gonyaulacales,18.757437081477867
WP2,C,0h,Phosphorus metabolism,Low affinity transporters,Eukaryotes,Gymnodiniales,15.620762851448948
WP2,C,0h,Phosphorus metabolism,Low affinity transporters,Eukaryotes,Peridiniales,57.12567558875338
WP2,C,0h,Phosphorus metabolism,Low affinity transporters,Eukaryotes,Suessiales,8.247652821307224
WP2,C,0h,Phosphorus metabolism,Low affinity transporters,Eukaryotes,Symbiodinium,0.355104651010136
WP2,C,0h,Phosphorus metabolism,Low affinity transporters,Eukaryotes,Stramenopiles,147.62332151279017
WP2,C,0h,Phosphorus metabolism,Low affinity transporters,Eukaryotes,Ochrophyta,18.72904908500872
WP2,C,0h,Phosphorus metabolism,Low affinity transporters,Eukaryotes,Bacillariophyta,2639.152385346037
WP2,C,0h,Phosphorus metabolism,Low affinity transporters,Eukaryotes,Thalassiosira,587.261507596148
WP2,C,0h,Phosphorus metabolism,Low affinity transporters,Eukaryotes,Chaetoceros,289.58707383665745
WP2,C,0h,Phosphorus metabolism,Low affinity transporters,Eukaryotes,Skeletonema,78.46097189877685
WP2,C,0h,Phosphorus metabolism,Low affinity transporters,Eukaryotes,Pseudo-nitzschia,23.21317386673814
WP2,C,0h,Phosphorus metabolism,Low affinity transporters,Eukaryotes,Chlorophyta,772.8414204934788
WP2,C,0h,Phosphorus metabolism,Low affinity transporters,Eukaryotes,Amoebozoa,16.053465298845847
WP2,C,0h,Phosphorus metabolism,Low affinity transporters,Eukaryotes,Hacrobia,25.375643467389423
WP2,C,0h,Phosphorus metabolism,Low affinity transporters,Eukaryotes,Rhizaria,6.934004050168221
WP2,C,0h,Phosphorus metabolism,Low affinity transporters,Eukaryotes,Other eukaryotes,4.991640568753807
WP2,C,0h,Phosphorus metabolism,Low affinity transporters,Prokaryotes,Alphaproteobacteria,1.118659051200582
WP2,C,0h,Phosphorus metabolism,Low affinity transporters,Prokaryotes,Rhodobacterales,75.1258442894235
WP2,C,0h,Phosphorus metabolism,Low affinity transporters,Prokaryotes,Puniceispirillales,7.5733407378299695
WP2,C,0h,Phosphorus metabolism,Low affinity transporters,Prokaryotes,Rhizobiales,0.8933980615246415
WP2,C,0h,Phosphorus metabolism,Low affinity transporters,Prokaryotes,Gammaproteobacteria,103.49848712959164
WP2,C,0h,Phosphorus metabolism,Low affinity transporters,Prokaryotes,Burkholderiales,0.5089998207367001
WP2,C,0h,Phosphorus metabolism,Low affinity transporters,Prokaryotes,Enterobacterales,8.876341230496669
WP2,C,0h,Phosphorus metabolism,Low affinity transporters,Prokaryotes,Pseudomonadales,189.38693953624403
WP2,C,0h,Phosphorus metabolism,Low affinity transporters,Prokaryotes,SAR86,470.6070187435955
WP2,C,0h,Phosphorus metabolism,Low affinity transporters,Prokaryotes,Flavobacteriales,19.41276785696639
WP2,C,0h,Phosphorus metabolism,Low affinity transporters,Prokaryotes,Cyanobacteria,1.2052579381469763
WP2,C,0h,Phosphorus metabolism,Low affinity transporters,Prokaryotes,Planctomycetota,20.849098417009
WP2,C,0h,Phosphorus metabolism,Low affinity transporters,Prokaryotes,Other prokaryotes,324.8603511096065
WP2,C,0h,Phosphorus metabolism,Organic P hydrolysis,Eukaryotes,Spirotrichea,8.943220960977289
WP2,C,0h,Phosphorus metabolism,Organic P hydrolysis,Eukaryotes,Choreotrichida,0.22249234828602932
WP2,C,0h,Phosphorus metabolism,Organic P hydrolysis,Eukaryotes,Tintinnida,0.20140946342504848
WP2,C,0h,Phosphorus metabolism,Organic P hydrolysis,Eukaryotes,Dinoflagellata,99.39043756922719
WP2,C,0h,Phosphorus metabolism,Organic P hydrolysis,Eukaryotes,Gonyaulacales,27.550471326471378
WP2,C,0h,Phosphorus metabolism,Organic P hydrolysis,Eukaryotes,Alexandrium,0.1440253115843591
WP2,C,0h,Phosphorus metabolism,Organic P hydrolysis,Eukaryotes,Gymnodiniales,30.97620790515445
WP2,C,0h,Phosphorus metabolism,Organic P hydrolysis,Eukaryotes,Peridiniales,6.8794821628240275
WP2,C,0h,Phosphorus metabolism,Organic P hydrolysis,Eukaryotes,Suessiales,4.322538529516027
WP2,C,0h,Phosphorus metabolism,Organic P hydrolysis,Eukaryotes,Stramenopiles,3.5529545628947474
WP2,C,0h,Phosphorus metabolism,Organic P hydrolysis,Eukaryotes,Ochrophyta,66.34492266534049
WP2,C,0h,Phosphorus metabolism,Organic P hydrolysis,Eukaryotes,Bacillariophyta,354.8880218630114
WP2,C,0h,Phosphorus metabolism,Organic P hydrolysis,Eukaryotes,Thalassiosira,4.1626240531363585
WP2,C,0h,Phosphorus metabolism,Organic P hydrolysis,Eukaryotes,Chaetoceros,0.2880506231687182
WP2,C,0h,Phosphorus metabolism,Organic P hydrolysis,Eukaryotes,Skeletonema,0.5423680824993983
WP2,C,0h,Phosphorus metabolism,Organic P hydrolysis,Eukaryotes,Pseudo-nitzschia,0.30255543716981087
WP2,C,0h,Phosphorus metabolism,Organic P hydrolysis,Eukaryotes,Glaucophyta,0.20140946342504848
WP2,C,0h,Phosphorus metabolism,Organic P hydrolysis,Eukaryotes,Chlorophyta,4.8553659774356595
WP2,C,0h,Phosphorus metabolism,Organic P hydrolysis,Eukaryotes,Amoebozoa,7.25234835290996
WP2,C,0h,Phosphorus metabolism,Organic P hydrolysis,Eukaryotes,Hacrobia,35.82924553793611
WP2,C,0h,Phosphorus metabolism,Organic P hydrolysis,Eukaryotes,Rhizaria,13.51620021953972
WP2,C,0h,Phosphorus metabolism,Organic P hydrolysis,Eukaryotes,Other eukaryotes,10.582326540045388
WP2,C,0h,Phosphorus metabolism,Organic P hydrolysis,Prokaryotes,Alphaproteobacteria,3.638742254533376
WP2,C,0h,Phosphorus metabolism,Organic P hydrolysis,Prokaryotes,Rhodobacterales,27.036202272126026
WP2,C,0h,Phosphorus metabolism,Organic P hydrolysis,Prokaryotes,Puniceispirillales,0.5914198323430963
WP2,C,0h,Phosphorus metabolism,Organic P hydrolysis,Prokaryotes,Rhizobiales,1.224890294714428
WP2,C,0h,Phosphorus metabolism,Organic P hydrolysis,Prokaryotes,Gammaproteobacteria,2.450330756060519
WP2,C,0h,Phosphorus metabolism,Organic P hydrolysis,Prokaryotes,Enterobacterales,28.323640423446367
WP2,C,0h,Phosphorus metabolism,Organic P hydrolysis,Prokaryotes,Pseudomonadales,136.29303373081132
WP2,C,0h,Phosphorus metabolism,Organic P hydrolysis,Prokaryotes,SAR86,2.5617146050434934
WP2,C,0h,Phosphorus metabolism,Organic P hydrolysis,Prokaryotes,Bacteroidota,2.7017696662197057
WP2,C,0h,Phosphorus metabolism,Organic P hydrolysis,Prokaryotes,Flavobacteriales,12.126506368902104
WP2,C,0h,Phosphorus metabolism,Organic P hydrolysis,Prokaryotes,Cyanobacteria,0.3441597975239079
WP2,C,0h,Phosphorus metabolism,Organic P hydrolysis,Prokaryotes,Actinobacteriota,0.30197822918154543
WP2,C,0h,Phosphorus metabolism,Organic P hydrolysis,Prokaryotes,Archaea,10.104279318732683
WP2,C,0h,Phosphorus metabolism,Organic P hydrolysis,Prokaryotes,Other prokaryotes,8.178109239452978
WP2,C,0h,Phosphorus metabolism,P starvation response,Eukaryotes,Spirotrichea,0.1440253115843591
WP2,C,0h,Phosphorus metabolism,P starvation response,Eukaryotes,Dinoflagellata,0.7902077701935725
WP2,C,0h,Phosphorus metabolism,P starvation response,Eukaryotes,Gymnodiniales,0.2567438479590875
WP2,C,0h,Phosphorus metabolism,P starvation response,Eukaryotes,Peridiniales,0.24805138908206797
WP2,C,0h,Phosphorus metabolism,P starvation response,Eukaryotes,Suessiales,0.18394208570407766
WP2,C,0h,Phosphorus metabolism,P starvation response,Eukaryotes,Stramenopiles,0.2688401125882234
WP2,C,0h,Phosphorus metabolism,P starvation response,Eukaryotes,Ochrophyta,0.48000191198093195
WP2,C,0h,Phosphorus metabolism,P starvation response,Eukaryotes,Bacillariophyta,72.36449609028068
WP2,C,0h,Phosphorus metabolism,P starvation response,Eukaryotes,Chaetoceros,13.30032598725229
WP2,C,0h,Phosphorus metabolism,P starvation response,Eukaryotes,Glaucophyta,1.148633766988893
WP2,C,0h,Phosphorus metabolism,P starvation response,Eukaryotes,Chlorophyta,1.2928707799611459
WP2,C,0h,Phosphorus metabolism,P starvation response,Eukaryotes,Hacrobia,0.3741268509297523
WP2,C,0h,Phosphorus metabolism,P starvation response,Eukaryotes,Rhizaria,0.38867289491431073
WP2,C,0h,Phosphorus metabolism,P starvation response,Eukaryotes,Other eukaryotes,1.1774316936031846
WP2,C,0h,Phosphorus metabolism,P starvation response,Prokaryotes,Alphaproteobacteria,29.0524646735664
WP2,C,0h,Phosphorus metabolism,P starvation response,Prokaryotes,Rhodobacterales,299.98714407579246
WP2,C,0h,Phosphorus metabolism,P starvation response,Prokaryotes,Puniceispirillales,68.72067102975709
WP2,C,0h,Phosphorus metabolism,P starvation response,Prokaryotes,Rhizobiales,1.2165325440344317
WP2,C,0h,Phosphorus metabolism,P starvation response,Prokaryotes,Gammaproteobacteria,6.885990537731352
WP2,C,0h,Phosphorus metabolism,P starvation response,Prokaryotes,Burkholderiales,2.732257400357077
WP2,C,0h,Phosphorus metabolism,P starvation response,Prokaryotes,Enterobacterales,263.25605306187515
WP2,C,0h,Phosphorus metabolism,P starvation response,Prokaryotes,Pseudomonadales,422.2389679974382
WP2,C,0h,Phosphorus metabolism,P starvation response,Prokaryotes,SAR86,9.238028572640486
WP2,C,0h,Phosphorus metabolism,P starvation response,Prokaryotes,Bacteroidota,0.8418850123731526
WP2,C,0h,Phosphorus metabolism,P starvation response,Prokaryotes,Flavobacteriales,75.2140321791547
WP2,C,0h,Phosphorus metabolism,P starvation response,Prokaryotes,Archaea,0.46570037726350294
WP2,C,0h,Phosphorus metabolism,P starvation response,Prokaryotes,Other prokaryotes,9.17080016563329
WP2,C,0h,Phosphorus metabolism,Phosphonate metabolism,Eukaryotes,Dinoflagellata,6.382636874344677
WP2,C,0h,Phosphorus metabolism,Phosphonate metabolism,Eukaryotes,Gonyaulacales,6.517781601697553
WP2,C,0h,Phosphorus metabolism,Phosphonate metabolism,Eukaryotes,Alexandrium,15.072150904583197
WP2,C,0h,Phosphorus metabolism,Phosphonate metabolism,Eukaryotes,Gymnodiniales,4.6327443877286685
WP2,C,0h,Phosphorus metabolism,Phosphonate metabolism,Eukaryotes,Peridiniales,4.13092818351267
WP2,C,0h,Phosphorus metabolism,Phosphonate metabolism,Eukaryotes,Suessiales,1.2272657236244267
WP2,C,0h,Phosphorus metabolism,Phosphonate metabolism,Eukaryotes,Stramenopiles,36.170927343477516
WP2,C,0h,Phosphorus metabolism,Phosphonate metabolism,Eukaryotes,Ochrophyta,4.372760283800156
WP2,C,0h,Phosphorus metabolism,Phosphonate metabolism,Eukaryotes,Bacillariophyta,9.797158672924752
WP2,C,0h,Phosphorus metabolism,Phosphonate metabolism,Eukaryotes,Chaetoceros,0.2543999192976118
WP2,C,0h,Phosphorus metabolism,Phosphonate metabolism,Eukaryotes,Chlorophyta,3.132750718290611
WP2,C,0h,Phosphorus metabolism,Phosphonate metabolism,Eukaryotes,Amoebozoa,0.8545287749594566
WP2,C,0h,Phosphorus metabolism,Phosphonate metabolism,Eukaryotes,Hacrobia,1.174110347818
WP2,C,0h,Phosphorus metabolism,Phosphonate metabolism,Eukaryotes,Rhizaria,1.8177247032855428
WP2,C,0h,Phosphorus metabolism,Phosphonate metabolism,Eukaryotes,Other eukaryotes,6.628662072153525
WP2,C,0h,Phosphorus metabolism,Phosphonate metabolism,Prokaryotes,Alphaproteobacteria,0.7131045570843959
WP2,C,0h,Phosphorus metabolism,Phosphonate metabolism,Prokaryotes,Rhodobacterales,62.305524603250724
WP2,C,0h,Phosphorus metabolism,Phosphonate metabolism,Prokaryotes,Puniceispirillales,0.6265056701380015
WP2,C,0h,Phosphorus metabolism,Phosphonate metabolism,Prokaryotes,Rhizobiales,0.2977993538415472
WP2,C,0h,Phosphorus metabolism,Phosphonate metabolism,Prokaryotes,Gammaproteobacteria,0.46570037726350294
WP2,C,0h,Phosphorus metabolism,Phosphonate metabolism,Prokaryotes,Burkholderiales,0.5286321773041519
WP2,C,0h,Phosphorus metabolism,Phosphonate metabolism,Prokaryotes,Pseudomonadales,6.390212783140369
WP2,C,0h,Phosphorus metabolism,Phosphonate metabolism,Prokaryotes,Bacteroidota,0.293620478501549
WP2,C,0h,Phosphorus metabolism,Phosphonate metabolism,Prokaryotes,Flavobacteriales,3.74218758115389
WP2,C,0h,Phosphorus metabolism,Phosphonate metabolism,Prokaryotes,Firmicutes,1.2248902947144282
WP2,C,0h,Phosphorus metabolism,Phosphonate metabolism,Prokaryotes,Planctomycetota,0.587240957003098
WP2,C,0h,Phosphorus metabolism,Phosphonate metabolism,Prokaryotes,Archaea,1.2670718630567905
WP2,C,0h,Phosphorus metabolism,Phosphonate metabolism,Prokaryotes,Other prokaryotes,3.809154111532832
WP2,C,0h,Phosphorus metabolism,Pi mobilization,Eukaryotes,Spirotrichea,11.488185097984815
WP2,C,0h,Phosphorus metabolism,Pi mobilization,Eukaryotes,Choreotrichida,545.3050552386535
WP2,C,0h,Phosphorus metabolism,Pi mobilization,Eukaryotes,Tintinnida,20.25885203593368
WP2,C,0h,Phosphorus metabolism,Pi mobilization,Eukaryotes,Dinoflagellata,10.304383038896658
WP2,C,0h,Phosphorus metabolism,Pi mobilization,Eukaryotes,Gonyaulacales,127.94192878922438
WP2,C,0h,Phosphorus metabolism,Pi mobilization,Eukaryotes,Alexandrium,49.67043238117511
WP2,C,0h,Phosphorus metabolism,Pi mobilization,Eukaryotes,Gymnodiniales,24.341114842818453
WP2,C,0h,Phosphorus metabolism,Pi mobilization,Eukaryotes,Peridiniales,27.88660211447351
WP2,C,0h,Phosphorus metabolism,Pi mobilization,Eukaryotes,Suessiales,50.966122125706725
WP2,C,0h,Phosphorus metabolism,Pi mobilization,Eukaryotes,Symbiodinium,7.789759362916184
WP2,C,0h,Phosphorus metabolism,Pi mobilization,Eukaryotes,Syndiniales,1.5453983249782717
WP2,C,0h,Phosphorus metabolism,Pi mobilization,Eukaryotes,Stramenopiles,82.1266927790387
WP2,C,0h,Phosphorus metabolism,Pi mobilization,Eukaryotes,Ochrophyta,612.2678170179427
WP2,C,0h,Phosphorus metabolism,Pi mobilization,Eukaryotes,Bacillariophyta,237.1851204353244
WP2,C,0h,Phosphorus metabolism,Pi mobilization,Eukaryotes,Thalassiosira,57.31588899642968
WP2,C,0h,Phosphorus metabolism,Pi mobilization,Eukaryotes,Chaetoceros,127.91784543203246
WP2,C,0h,Phosphorus metabolism,Pi mobilization,Eukaryotes,Skeletonema,2.961634934438583
WP2,C,0h,Phosphorus metabolism,Pi mobilization,Eukaryotes,Pseudo-nitzschia,12.784237249981883
WP2,C,0h,Phosphorus metabolism,Pi mobilization,Eukaryotes,Glaucophyta,10.750432093625703
WP2,C,0h,Phosphorus metabolism,Pi mobilization,Eukaryotes,Chlorophyta,82.65711296272862
WP2,C,0h,Phosphorus metabolism,Pi mobilization,Eukaryotes,Amoebozoa,79.87697945379169
WP2,C,0h,Phosphorus metabolism,Pi mobilization,Eukaryotes,Hacrobia,138.70029241995275
WP2,C,0h,Phosphorus metabolism,Pi mobilization,Eukaryotes,Rhizaria,86.3012852255344
WP2,C,0h,Phosphorus metabolism,Pi mobilization,Eukaryotes,Other eukaryotes,185.45436054142948
WP2,C,0h,Phosphorus metabolism,Pi mobilization,Prokaryotes,Alphaproteobacteria,3.389670032949985
WP2,C,0h,Phosphorus metabolism,Pi mobilization,Prokaryotes,Rhodobacterales,18.72720776543675
WP2,C,0h,Phosphorus metabolism,Pi mobilization,Prokaryotes,Puniceispirillales,1.9577581466804026
WP2,C,0h,Phosphorus metabolism,Pi mobilization,Prokaryotes,Gammaproteobacteria,10.233348064024849
WP2,C,0h,Phosphorus metabolism,Pi mobilization,Prokaryotes,Burkholderiales,1.412698758019667
WP2,C,0h,Phosphorus metabolism,Pi mobilization,Prokaryotes,Enterobacterales,15.230747651981392
WP2,C,0h,Phosphorus metabolism,Pi mobilization,Prokaryotes,Pseudomonadales,44.71731576390295
WP2,C,0h,Phosphorus metabolism,Pi mobilization,Prokaryotes,SAR86,0.587240957003098
WP2,C,0h,Phosphorus metabolism,Pi mobilization,Prokaryotes,Bacteroidota,18.679480776682876
WP2,C,0h,Phosphorus metabolism,Pi mobilization,Prokaryotes,Flavobacteriales,24.785819455268427
WP2,C,0h,Phosphorus metabolism,Pi mobilization,Prokaryotes,Firmicutes,0.30197822918154543
WP2,C,0h,Phosphorus metabolism,Pi mobilization,Prokaryotes,Cyanobacteria,0.293620478501549
WP2,C,0h,Phosphorus metabolism,Pi mobilization,Prokaryotes,Actinobacteriota,2.027929822270213
WP2,C,0h,Phosphorus metabolism,Pi mobilization,Prokaryotes,Planctomycetota,0.587240957003098
WP2,C,0h,Phosphorus metabolism,Pi mobilization,Prokaryotes,Archaea,7.361585769123223
WP2,C,0h,Phosphorus metabolism,Pi mobilization,Prokaryotes,Other prokaryotes,197.21513225076035
WP2,C,72h,Phosphorus metabolism,High affinity transporters,Eukaryotes,Dinoflagellata,2.0872226334919395
WP2,C,72h,Phosphorus metabolism,High affinity transporters,Eukaryotes,Gonyaulacales,23.053255614075248
WP2,C,72h,Phosphorus metabolism,High affinity transporters,Eukaryotes,Gymnodiniales,3.8192255372821013
WP2,C,72h,Phosphorus metabolism,High affinity transporters,Eukaryotes,Peridiniales,4.820241709218401
WP2,C,72h,Phosphorus metabolism,High affinity transporters,Eukaryotes,Suessiales,0.34530268657951185
WP2,C,72h,Phosphorus metabolism,High affinity transporters,Eukaryotes,Stramenopiles,0.15783059849563041
WP2,C,72h,Phosphorus metabolism,High affinity transporters,Eukaryotes,Ochrophyta,0.8057858648237807
WP2,C,72h,Phosphorus metabolism,High affinity transporters,Eukaryotes,Bacillariophyta,2.942288335279149
WP2,C,72h,Phosphorus metabolism,High affinity transporters,Eukaryotes,Chlorophyta,0.43511657156173034
WP2,C,72h,Phosphorus metabolism,High affinity transporters,Eukaryotes,Hacrobia,1.3963351381088953
WP2,C,72h,Phosphorus metabolism,High affinity transporters,Eukaryotes,Other eukaryotes,0.44995884112855766
WP2,C,72h,Phosphorus metabolism,High affinity transporters,Prokaryotes,Alphaproteobacteria,142.83925891422766
WP2,C,72h,Phosphorus metabolism,High affinity transporters,Prokaryotes,Rhodobacterales,410.41300299900803
WP2,C,72h,Phosphorus metabolism,High affinity transporters,Prokaryotes,Puniceispirillales,41.212678786238236
WP2,C,72h,Phosphorus metabolism,High affinity transporters,Prokaryotes,Rhizobiales,3.6961798123028804
WP2,C,72h,Phosphorus metabolism,High affinity transporters,Prokaryotes,Gammaproteobacteria,1.0621332861237
WP2,C,72h,Phosphorus metabolism,High affinity transporters,Prokaryotes,Burkholderiales,1.0674630142331198
WP2,C,72h,Phosphorus metabolism,High affinity transporters,Prokaryotes,Enterobacterales,149.55068481802766
WP2,C,72h,Phosphorus metabolism,High affinity transporters,Prokaryotes,Pseudomonadales,726.811973075657
WP2,C,72h,Phosphorus metabolism,High affinity transporters,Prokaryotes,SAR86,15.054107305808277
WP2,C,72h,Phosphorus metabolism,High affinity transporters,Prokaryotes,Bacteroidota,1.0408627086474351
WP2,C,72h,Phosphorus metabolism,High affinity transporters,Prokaryotes,Flavobacteriales,4.795532581096593
WP2,C,72h,Phosphorus metabolism,High affinity transporters,Prokaryotes,Archaea,2.8288183892440584
WP2,C,72h,Phosphorus metabolism,High affinity transporters,Prokaryotes,Other prokaryotes,6.541003497529003
WP2,C,72h,Phosphorus metabolism,Low affinity transporters,Eukaryotes,Choreotrichida,0.31650756366332267
WP2,C,72h,Phosphorus metabolism,Low affinity transporters,Eukaryotes,Dinoflagellata,22.861606796784187
WP2,C,72h,Phosphorus metabolism,Low affinity transporters,Eukaryotes,Gonyaulacales,42.39144362267483
WP2,C,72h,Phosphorus metabolism,Low affinity transporters,Eukaryotes,Gymnodiniales,17.727678461878813
WP2,C,72h,Phosphorus metabolism,Low affinity transporters,Eukaryotes,Peridiniales,62.66869368060716
WP2,C,72h,Phosphorus metabolism,Low affinity transporters,Eukaryotes,Suessiales,3.908150006046854
WP2,C,72h,Phosphorus metabolism,Low affinity transporters,Eukaryotes,Symbiodinium,0.4063214486455411
WP2,C,72h,Phosphorus metabolism,Low affinity transporters,Eukaryotes,Stramenopiles,329.5254020184956
WP2,C,72h,Phosphorus metabolism,Low affinity transporters,Eukaryotes,Ochrophyta,7.650170490809141
WP2,C,72h,Phosphorus metabolism,Low affinity transporters,Eukaryotes,Bacillariophyta,401.5687827071307
WP2,C,72h,Phosphorus metabolism,Low affinity transporters,Eukaryotes,Thalassiosira,88.41859096295832
WP2,C,72h,Phosphorus metabolism,Low affinity transporters,Eukaryotes,Chaetoceros,45.57232503045793
WP2,C,72h,Phosphorus metabolism,Low affinity transporters,Eukaryotes,Skeletonema,7.257845229322222
WP2,C,72h,Phosphorus metabolism,Low affinity transporters,Eukaryotes,Pseudo-nitzschia,2.675146707670062
WP2,C,72h,Phosphorus metabolism,Low affinity transporters,Eukaryotes,Chlorophyta,125.66217466395528
WP2,C,72h,Phosphorus metabolism,Low affinity transporters,Eukaryotes,Amoebozoa,54.8041183406954
WP2,C,72h,Phosphorus metabolism,Low affinity transporters,Eukaryotes,Hacrobia,17.95211544703161
WP2,C,72h,Phosphorus metabolism,Low affinity transporters,Eukaryotes,Rhizaria,13.587412180755257
WP2,C,72h,Phosphorus metabolism,Low affinity transporters,Eukaryotes,Other eukaryotes,3.275134878720209
WP2,C,72h,Phosphorus metabolism,Low affinity transporters,Prokaryotes,Alphaproteobacteria,1.9454677818569768
WP2,C,72h,Phosphorus metabolism,Low affinity transporters,Prokaryotes,Rhodobacterales,14.370785787153372
WP2,C,72h,Phosphorus metabolism,Low affinity transporters,Prokaryotes,Puniceispirillales,5.857665867220292
WP2,C,72h,Phosphorus metabolism,Low affinity transporters,Prokaryotes,Rhizobiales,0.52840177900714
WP2,C,72h,Phosphorus metabolism,Low affinity transporters,Prokaryotes,Gammaproteobacteria,35.81878615898826
WP2,C,72h,Phosphorus metabolism,Low affinity transporters,Prokaryotes,Burkholderiales,1.0727927423425396
WP2,C,72h,Phosphorus metabolism,Low affinity transporters,Prokaryotes,Enterobacterales,8.84934219748793
WP2,C,72h,Phosphorus metabolism,Low affinity transporters,Prokaryotes,Pseudomonadales,157.091382632911
WP2,C,72h,Phosphorus metabolism,Low affinity transporters,Prokaryotes,SAR86,17.562571764422206
WP2,C,72h,Phosphorus metabolism,Low affinity transporters,Prokaryotes,Flavobacteriales,6.1886792540692594
WP2,C,72h,Phosphorus metabolism,Low affinity transporters,Prokaryotes,Cyanobacteria,0.7965878808524214
WP2,C,72h,Phosphorus metabolism,Low affinity transporters,Prokaryotes,Actinobacteriota,1.419722811077644
WP2,C,72h,Phosphorus metabolism,Low affinity transporters,Prokaryotes,Planctomycetota,5.321269496049023
WP2,C,72h,Phosphorus metabolism,Low affinity transporters,Prokaryotes,Other prokaryotes,82.0304921740642
WP2,C,72h,Phosphorus metabolism,Organic P hydrolysis,Eukaryotes,Spirotrichea,3.9069354180599647
WP2,C,72h,Phosphorus metabolism,Organic P hydrolysis,Eukaryotes,Choreotrichida,0.18136355285396408
WP2,C,72h,Phosphorus metabolism,Organic P hydrolysis,Eukaryotes,Tintinnida,0.5397727261107761
WP2,C,72h,Phosphorus metabolism,Organic P hydrolysis,Eukaryotes,Dinoflagellata,285.3509511148763
WP2,C,72h,Phosphorus metabolism,Organic P hydrolysis,Eukaryotes,Gonyaulacales,72.79275039732094
WP2,C,72h,Phosphorus metabolism,Organic P hydrolysis,Eukaryotes,Alexandrium,0.18136355285396408
WP2,C,72h,Phosphorus metabolism,Organic P hydrolysis,Eukaryotes,Gymnodiniales,119.63897435314841
WP2,C,72h,Phosphorus metabolism,Organic P hydrolysis,Eukaryotes,Peridiniales,10.71232547151899
WP2,C,72h,Phosphorus metabolism,Organic P hydrolysis,Eukaryotes,Suessiales,4.880457154157772
WP2,C,72h,Phosphorus metabolism,Organic P hydrolysis,Eukaryotes,Stramenopiles,5.430385996069432
WP2,C,72h,Phosphorus metabolism,Organic P hydrolysis,Eukaryotes,Ochrophyta,34.90135007486504
WP2,C,72h,Phosphorus metabolism,Organic P hydrolysis,Eukaryotes,Bacillariophyta,78.56575075393211
WP2,C,72h,Phosphorus metabolism,Organic P hydrolysis,Eukaryotes,Thalassiosira,0.7661842825678596
WP2,C,72h,Phosphorus metabolism,Organic P hydrolysis,Eukaryotes,Skeletonema,0.20186964954197606
WP2,C,72h,Phosphorus metabolism,Organic P hydrolysis,Eukaryotes,Pseudo-nitzschia,0.13429764413729678
WP2,C,72h,Phosphorus metabolism,Organic P hydrolysis,Eukaryotes,Glaucophyta,1.0036844205886957
WP2,C,72h,Phosphorus metabolism,Organic P hydrolysis,Eukaryotes,Chlorophyta,4.0390191339505
WP2,C,72h,Phosphorus metabolism,Organic P hydrolysis,Eukaryotes,Amoebozoa,30.839722713805283
WP2,C,72h,Phosphorus metabolism,Organic P hydrolysis,Eukaryotes,Hacrobia,45.199372323941326
WP2,C,72h,Phosphorus metabolism,Organic P hydrolysis,Eukaryotes,Rhizaria,17.766022406602442
WP2,C,72h,Phosphorus metabolism,Organic P hydrolysis,Eukaryotes,Other eukaryotes,28.362105772057596
WP2,C,72h,Phosphorus metabolism,Organic P hydrolysis,Prokaryotes,Alphaproteobacteria,11.194956770905183
WP2,C,72h,Phosphorus metabolism,Organic P hydrolysis,Prokaryotes,Rhodobacterales,9.906169922982917
WP2,C,72h,Phosphorus metabolism,Organic P hydrolysis,Prokaryotes,Puniceispirillales,0.7966120483331286
WP2,C,72h,Phosphorus metabolism,Organic P hydrolysis,Prokaryotes,Rhizobiales,4.453956407951615
WP2,C,72h,Phosphorus metabolism,Organic P hydrolysis,Prokaryotes,Gammaproteobacteria,4.611436285904359
WP2,C,72h,Phosphorus metabolism,Organic P hydrolysis,Prokaryotes,Enterobacterales,14.685785822193372
WP2,C,72h,Phosphorus metabolism,Organic P hydrolysis,Prokaryotes,Pseudomonadales,71.28018418869513
WP2,C,72h,Phosphorus metabolism,Organic P hydrolysis,Prokaryotes,SAR86,1.5932240966662572
WP2,C,72h,Phosphorus metabolism,Organic P hydrolysis,Prokaryotes,Bacteroidota,8.334256682927435
WP2,C,72h,Phosphorus metabolism,Organic P hydrolysis,Prokaryotes,Flavobacteriales,13.791799926068158
WP2,C,72h,Phosphorus metabolism,Organic P hydrolysis,Prokaryotes,Archaea,6.919807209170895
WP2,C,72h,Phosphorus metabolism,Organic P hydrolysis,Prokaryotes,Other prokaryotes,32.2852628920364
WP2,C,72h,Phosphorus metabolism,P starvation response,Eukaryotes,Dinoflagellata,1.5602742718344431
WP2,C,72h,Phosphorus metabolism,P starvation response,Eukaryotes,Gymnodiniales,0.32961405034062274
WP2,C,72h,Phosphorus metabolism,P starvation response,Eukaryotes,Peridiniales,0.3740978094957011
WP2,C,72h,Phosphorus metabolism,P starvation response,Eukaryotes,Suessiales,0.13429764413729678
WP2,C,72h,Phosphorus metabolism,P starvation response,Eukaryotes,Stramenopiles,0.5405760432374342
WP2,C,72h,Phosphorus metabolism,P starvation response,Eukaryotes,Ochrophyta,0.4037392990839521
WP2,C,72h,Phosphorus metabolism,P starvation response,Eukaryotes,Bacillariophyta,7.219524825286336
WP2,C,72h,Phosphorus metabolism,P starvation response,Eukaryotes,Chaetoceros,3.297508064980927
WP2,C,72h,Phosphorus metabolism,P starvation response,Eukaryotes,Glaucophyta,0.18136355285396408
WP2,C,72h,Phosphorus metabolism,P starvation response,Eukaryotes,Amoebozoa,0.3298961725646434
WP2,C,72h,Phosphorus metabolism,P starvation response,Eukaryotes,Hacrobia,1.4509084228317126
WP2,C,72h,Phosphorus metabolism,P starvation response,Eukaryotes,Rhizaria,0.4505230855765988
WP2,C,72h,Phosphorus metabolism,P starvation response,Eukaryotes,Other eukaryotes,1.1550813120849845
WP2,C,72h,Phosphorus metabolism,P starvation response,Prokaryotes,Alphaproteobacteria,19.81766151824835
WP2,C,72h,Phosphorus metabolism,P starvation response,Prokaryotes,Rhodobacterales,61.611335339556526
WP2,C,72h,Phosphorus metabolism,P starvation response,Prokaryotes,Puniceispirillales,74.65084145879652
WP2,C,72h,Phosphorus metabolism,P starvation response,Prokaryotes,Rhizobiales,1.0674549584062174
WP2,C,72h,Phosphorus metabolism,P starvation response,Prokaryotes,Gammaproteobacteria,0.5284138627474937
WP2,C,72h,Phosphorus metabolism,P starvation response,Prokaryotes,Burkholderiales,4.76897255464542
WP2,C,72h,Phosphorus metabolism,P starvation response,Prokaryotes,Enterobacterales,31.690666470487336
WP2,C,72h,Phosphorus metabolism,P starvation response,Prokaryotes,Pseudomonadales,425.87485609076157
WP2,C,72h,Phosphorus metabolism,P starvation response,Prokaryotes,SAR86,6.399432245635494
WP2,C,72h,Phosphorus metabolism,P starvation response,Prokaryotes,Bacteroidota,0.5363963711712698
WP2,C,72h,Phosphorus metabolism,P starvation response,Prokaryotes,Flavobacteriales,31.66406616490165
WP2,C,72h,Phosphorus metabolism,P starvation response,Prokaryotes,Archaea,0.5204313543237176
WP2,C,72h,Phosphorus metabolism,P starvation response,Prokaryotes,Other prokaryotes,4.4273561023659305
WP2,C,72h,Phosphorus metabolism,Phosphonate metabolism,Eukaryotes,Dinoflagellata,10.958571114220607
WP2,C,72h,Phosphorus metabolism,Phosphonate metabolism,Eukaryotes,Gonyaulacales,20.442297603168587
WP2,C,72h,Phosphorus metabolism,Phosphonate metabolism,Eukaryotes,Alexandrium,16.64633466836467
WP2,C,72h,Phosphorus metabolism,Phosphonate metabolism,Eukaryotes,Gymnodiniales,9.095264270978827
WP2,C,72h,Phosphorus metabolism,Phosphonate metabolism,Eukaryotes,Peridiniales,11.625914169165304
WP2,C,72h,Phosphorus metabolism,Phosphonate metabolism,Eukaryotes,Suessiales,2.5480743173148945
WP2,C,72h,Phosphorus metabolism,Phosphonate metabolism,Eukaryotes,Stramenopiles,5.101250091086042
WP2,C,72h,Phosphorus metabolism,Phosphonate metabolism,Eukaryotes,Ochrophyta,9.770745252347002
WP2,C,72h,Phosphorus metabolism,Phosphonate metabolism,Eukaryotes,Bacillariophyta,2.8022621475706333
WP2,C,72h,Phosphorus metabolism,Phosphonate metabolism,Eukaryotes,Chlorophyta,0.7399065927632249
WP2,C,72h,Phosphorus metabolism,Phosphonate metabolism,Eukaryotes,Amoebozoa,1.650045107271258
WP2,C,72h,Phosphorus metabolism,Phosphonate metabolism,Eukaryotes,Hacrobia,0.6749167369201347
WP2,C,72h,Phosphorus metabolism,Phosphonate metabolism,Eukaryotes,Rhizaria,19.323624682218266
WP2,C,72h,Phosphorus metabolism,Phosphonate metabolism,Eukaryotes,Other eukaryotes,38.662698927996814
WP2,C,72h,Phosphorus metabolism,Phosphonate metabolism,Prokaryotes,Alphaproteobacteria,1.7826340083141057
WP2,C,72h,Phosphorus metabolism,Phosphonate metabolism,Prokaryotes,Rhodobacterales,25.733962450499163
WP2,C,72h,Phosphorus metabolism,Phosphonate metabolism,Prokaryotes,Puniceispirillales,0.5204313543237176
WP2,C,72h,Phosphorus metabolism,Phosphonate metabolism,Prokaryotes,Rhizobiales,0.8045824730165512
WP2,C,72h,Phosphorus metabolism,Phosphonate metabolism,Prokaryotes,Gammaproteobacteria,8.49703406568199
WP2,C,72h,Phosphorus metabolism,Phosphonate metabolism,Prokaryotes,Enterobacterales,0.5204313543237176
WP2,C,72h,Phosphorus metabolism,Phosphonate metabolism,Prokaryotes,Pseudomonadales,3.8909758428484653
WP2,C,72h,Phosphorus metabolism,Phosphonate metabolism,Prokaryotes,Bacteroidota,0.5363963711712698
WP2,C,72h,Phosphorus metabolism,Phosphonate metabolism,Prokaryotes,Flavobacteriales,2.655349326963055
WP2,C,72h,Phosphorus metabolism,Phosphonate metabolism,Prokaryotes,Firmicutes,1.2409159648603185
WP2,C,72h,Phosphorus metabolism,Phosphonate metabolism,Prokaryotes,Planctomycetota,0.8045824730165512
WP2,C,72h,Phosphorus metabolism,Phosphonate metabolism,Prokaryotes,Other prokaryotes,2.129620467837527
WP2,C,72h,Phosphorus metabolism,Pi mobilization,Eukaryotes,Spirotrichea,27.537895863581667
WP2,C,72h,Phosphorus metabolism,Pi mobilization,Eukaryotes,Choreotrichida,103.27035761550569
WP2,C,72h,Phosphorus metabolism,Pi mobilization,Eukaryotes,Tintinnida,3.9130321829460115
WP2,C,72h,Phosphorus metabolism,Pi mobilization,Eukaryotes,Dinoflagellata,20.006052258446914
WP2,C,72h,Phosphorus metabolism,Pi mobilization,Eukaryotes,Gonyaulacales,206.22616786905124
WP2,C,72h,Phosphorus metabolism,Pi mobilization,Eukaryotes,Alexandrium,116.46877803546514
WP2,C,72h,Phosphorus metabolism,Pi mobilization,Eukaryotes,Gymnodiniales,49.470421349613865
WP2,C,72h,Phosphorus metabolism,Pi mobilization,Eukaryotes,Peridiniales,70.26715601127067
WP2,C,72h,Phosphorus metabolism,Pi mobilization,Eukaryotes,Suessiales,46.276642142304624
WP2,C,72h,Phosphorus metabolism,Pi mobilization,Eukaryotes,Symbiodinium,11.091630913947132
WP2,C,72h,Phosphorus metabolism,Pi mobilization,Eukaryotes,Syndiniales,1.9820452840402565
WP2,C,72h,Phosphorus metabolism,Pi mobilization,Eukaryotes,Stramenopiles,85.89684871412707
WP2,C,72h,Phosphorus metabolism,Pi mobilization,Eukaryotes,Ochrophyta,49.316704921922344
WP2,C,72h,Phosphorus metabolism,Pi mobilization,Eukaryotes,Bacillariophyta,209.7267502637467
WP2,C,72h,Phosphorus metabolism,Pi mobilization,Eukaryotes,Thalassiosira,11.848007793171272
WP2,C,72h,Phosphorus metabolism,Pi mobilization,Eukaryotes,Chaetoceros,44.18197701745653
WP2,C,72h,Phosphorus metabolism,Pi mobilization,Eukaryotes,Skeletonema,2.706849151917264
WP2,C,72h,Phosphorus metabolism,Pi mobilization,Eukaryotes,Pseudo-nitzschia,5.634295217629586
WP2,C,72h,Phosphorus metabolism,Pi mobilization,Eukaryotes,Glaucophyta,8.837934362807394
WP2,C,72h,Phosphorus metabolism,Pi mobilization,Eukaryotes,Chlorophyta,69.45308299400182
WP2,C,72h,Phosphorus metabolism,Pi mobilization,Eukaryotes,Amoebozoa,226.39537628323916
WP2,C,72h,Phosphorus metabolism,Pi mobilization,Eukaryotes,Hacrobia,84.9784909426625
WP2,C,72h,Phosphorus metabolism,Pi mobilization,Eukaryotes,Rhizaria,111.97472447086449
WP2,C,72h,Phosphorus metabolism,Pi mobilization,Eukaryotes,Other eukaryotes,306.90650115318044
WP2,C,72h,Phosphorus metabolism,Pi mobilization,Prokaryotes,Alphaproteobacteria,6.183397860921254
WP2,C,72h,Phosphorus metabolism,Pi mobilization,Prokaryotes,Rhodobacterales,4.248557311975508
WP2,C,72h,Phosphorus metabolism,Pi mobilization,Prokaryotes,Puniceispirillales,1.4250364275332592
WP2,C,72h,Phosphorus metabolism,Pi mobilization,Prokaryotes,Rhizobiales,0.5363963711712698
WP2,C,72h,Phosphorus metabolism,Pi mobilization,Prokaryotes,Gammaproteobacteria,10.994895458865399
WP2,C,72h,Phosphorus metabolism,Pi mobilization,Prokaryotes,Burkholderiales,0.7966120483331286
WP2,C,72h,Phosphorus metabolism,Pi mobilization,Prokaryotes,Enterobacterales,28.25085968402084
WP2,C,72h,Phosphorus metabolism,Pi mobilization,Prokaryotes,Pseudomonadales,41.812911057319006
WP2,C,72h,Phosphorus metabolism,Pi mobilization,Prokaryotes,Bacteroidota,18.630018667001522
WP2,C,72h,Phosphorus metabolism,Pi mobilization,Prokaryotes,Flavobacteriales,12.734931921438658
WP2,C,72h,Phosphorus metabolism,Pi mobilization,Prokaryotes,Firmicutes,0.5363842874309162
WP2,C,72h,Phosphorus metabolism,Pi mobilization,Prokaryotes,Cyanobacteria,0.5204313543237176
WP2,C,72h,Phosphorus metabolism,Pi mobilization,Prokaryotes,Actinobacteriota,12.956175196858782
WP2,C,72h,Phosphorus metabolism,Pi mobilization,Prokaryotes,Archaea,8.675800632764805
WP2,C,72h,Phosphorus metabolism,Pi mobilization,Prokaryotes,Other prokaryotes,85.48264535765817
WP2,R,0h,Phosphorus metabolism,High affinity transporters,Eukaryotes,Dinoflagellata,0.8460757039321006
WP2,R,0h,Phosphorus metabolism,High affinity transporters,Eukaryotes,Gonyaulacales,0.631051952712807
WP2,R,0h,Phosphorus metabolism,High affinity transporters,Eukaryotes,Gymnodiniales,0.4994669696290296
WP2,R,0h,Phosphorus metabolism,High affinity transporters,Eukaryotes,Peridiniales,1.0132782761417332
WP2,R,0h,Phosphorus metabolism,High affinity transporters,Eukaryotes,Suessiales,0.10636521346966518
WP2,R,0h,Phosphorus metabolism,High affinity transporters,Eukaryotes,Stramenopiles,0.21273042693933036
WP2,R,0h,Phosphorus metabolism,High affinity transporters,Eukaryotes,Ochrophyta,5.300056684529631
WP2,R,0h,Phosphorus metabolism,High affinity transporters,Eukaryotes,Bacillariophyta,37.19258698372819
WP2,R,0h,Phosphorus metabolism,High affinity transporters,Eukaryotes,Thalassiosira,0.1478719615537552
WP2,R,0h,Phosphorus metabolism,High affinity transporters,Eukaryotes,Chlorophyta,2.553900653574584
WP2,R,0h,Phosphorus metabolism,High affinity transporters,Eukaryotes,Hacrobia,0.2787377777018783
WP2,R,0h,Phosphorus metabolism,High affinity transporters,Eukaryotes,Rhizaria,0.10636521346966518
WP2,R,0h,Phosphorus metabolism,High affinity transporters,Eukaryotes,Other eukaryotes,0.344530269243767
WP2,R,0h,Phosphorus metabolism,High affinity transporters,Prokaryotes,Alphaproteobacteria,174.65361299818497
WP2,R,0h,Phosphorus metabolism,High affinity transporters,Prokaryotes,Rhodobacterales,2583.3723986259793
WP2,R,0h,Phosphorus metabolism,High affinity transporters,Prokaryotes,Puniceispirillales,162.66639109868103
WP2,R,0h,Phosphorus metabolism,High affinity transporters,Prokaryotes,Rhizobiales,13.979245419828416
WP2,R,0h,Phosphorus metabolism,High affinity transporters,Prokaryotes,Gammaproteobacteria,35.53922844163564
WP2,R,0h,Phosphorus metabolism,High affinity transporters,Prokaryotes,Burkholderiales,8.578711366018677
WP2,R,0h,Phosphorus metabolism,High affinity transporters,Prokaryotes,Enterobacterales,1169.2905463300906
WP2,R,0h,Phosphorus metabolism,High affinity transporters,Prokaryotes,Pseudomonadales,1081.5628701804214
WP2,R,0h,Phosphorus metabolism,High affinity transporters,Prokaryotes,SAR86,287.7119092356621
WP2,R,0h,Phosphorus metabolism,High affinity transporters,Prokaryotes,Flavobacteriales,9.405932246238406
WP2,R,0h,Phosphorus metabolism,High affinity transporters,Prokaryotes,Actinobacteriota,0.9929978775071961
WP2,R,0h,Phosphorus metabolism,High affinity transporters,Prokaryotes,Archaea,13.325155736047506
WP2,R,0h,Phosphorus metabolism,High affinity transporters,Prokaryotes,Other prokaryotes,21.819493456800128
WP2,R,0h,Phosphorus metabolism,Low affinity transporters,Eukaryotes,Spirotrichea,0.16602699233636006
WP2,R,0h,Phosphorus metabolism,Low affinity transporters,Eukaryotes,Choreotrichida,0.8556708742865481
WP2,R,0h,Phosphorus metabolism,Low affinity transporters,Eukaryotes,Tintinnida,0.09868873731283306
WP2,R,0h,Phosphorus metabolism,Low affinity transporters,Eukaryotes,Dinoflagellata,17.853741397232685
WP2,R,0h,Phosphorus metabolism,Low affinity transporters,Eukaryotes,Gonyaulacales,3.324531907885007
WP2,R,0h,Phosphorus metabolism,Low affinity transporters,Eukaryotes,Gymnodiniales,3.5774710189841015
WP2,R,0h,Phosphorus metabolism,Low affinity transporters,Eukaryotes,Peridiniales,29.668488159749153
WP2,R,0h,Phosphorus metabolism,Low affinity transporters,Eukaryotes,Suessiales,14.561375960216226
WP2,R,0h,Phosphorus metabolism,Low affinity transporters,Eukaryotes,Symbiodinium,0.5375882957815249
WP2,R,0h,Phosphorus metabolism,Low affinity transporters,Eukaryotes,Stramenopiles,210.85950044059507
WP2,R,0h,Phosphorus metabolism,Low affinity transporters,Eukaryotes,Ochrophyta,12.354658491459404
WP2,R,0h,Phosphorus metabolism,Low affinity transporters,Eukaryotes,Bacillariophyta,4069.5278808943003
WP2,R,0h,Phosphorus metabolism,Low affinity transporters,Eukaryotes,Thalassiosira,821.2531929136585
WP2,R,0h,Phosphorus metabolism,Low affinity transporters,Eukaryotes,Chaetoceros,825.0289357702701
WP2,R,0h,Phosphorus metabolism,Low affinity transporters,Eukaryotes,Skeletonema,82.91618739166672
WP2,R,0h,Phosphorus metabolism,Low affinity transporters,Eukaryotes,Pseudo-nitzschia,50.03248717759885
WP2,R,0h,Phosphorus metabolism,Low affinity transporters,Eukaryotes,Chlorophyta,784.0081362313949
WP2,R,0h,Phosphorus metabolism,Low affinity transporters,Eukaryotes,Amoebozoa,0.2551712011797339
WP2,R,0h,Phosphorus metabolism,Low affinity transporters,Eukaryotes,Hacrobia,31.957964247187657
WP2,R,0h,Phosphorus metabolism,Low affinity transporters,Eukaryotes,Rhizaria,5.916185403370092
WP2,R,0h,Phosphorus metabolism,Low affinity transporters,Eukaryotes,Other eukaryotes,1.5861023373851717
WP2,R,0h,Phosphorus metabolism,Low affinity transporters,Prokaryotes,Alphaproteobacteria,1.311236839627271
WP2,R,0h,Phosphorus metabolism,Low affinity transporters,Prokaryotes,Rhodobacterales,63.46247892891549
WP2,R,0h,Phosphorus metabolism,Low affinity transporters,Prokaryotes,Puniceispirillales,8.483772992675776
WP2,R,0h,Phosphorus metabolism,Low affinity transporters,Prokaryotes,Gammaproteobacteria,389.96456192496163
WP2,R,0h,Phosphorus metabolism,Low affinity transporters,Prokaryotes,Enterobacterales,8.447648944917498
WP2,R,0h,Phosphorus metabolism,Low affinity transporters,Prokaryotes,Pseudomonadales,186.81761757997452
WP2,R,0h,Phosphorus metabolism,Low affinity transporters,Prokaryotes,SAR86,292.28046821834545
WP2,R,0h,Phosphorus metabolism,Low affinity transporters,Prokaryotes,Flavobacteriales,12.55501676282485
WP2,R,0h,Phosphorus metabolism,Low affinity transporters,Prokaryotes,Cyanobacteria,2.0272998988438338
WP2,R,0h,Phosphorus metabolism,Low affinity transporters,Prokaryotes,Actinobacteriota,0.3986903063902639
WP2,R,0h,Phosphorus metabolism,Low affinity transporters,Prokaryotes,Planctomycetota,37.73738418244855
WP2,R,0h,Phosphorus metabolism,Low affinity transporters,Prokaryotes,Archaea,0.4048553492322728
WP2,R,0h,Phosphorus metabolism,Low affinity transporters,Prokaryotes,Other prokaryotes,1162.991326437471
WP2,R,0h,Phosphorus metabolism,Organic P hydrolysis,Eukaryotes,Spirotrichea,5.963743828381716
WP2,R,0h,Phosphorus metabolism,Organic P hydrolysis,Eukaryotes,Choreotrichida,0.16354720269840822
WP2,R,0h,Phosphorus metabolism,Organic P hydrolysis,Eukaryotes,Dinoflagellata,38.13408335768865
WP2,R,0h,Phosphorus metabolism,Organic P hydrolysis,Eukaryotes,Gonyaulacales,7.922850249557344
WP2,R,0h,Phosphorus metabolism,Organic P hydrolysis,Eukaryotes,Alexandrium,0.11436397845748611
WP2,R,0h,Phosphorus metabolism,Organic P hydrolysis,Eukaryotes,Gymnodiniales,4.325123486709017
WP2,R,0h,Phosphorus metabolism,Organic P hydrolysis,Eukaryotes,Peridiniales,5.155420966360117
WP2,R,0h,Phosphorus metabolism,Organic P hydrolysis,Eukaryotes,Suessiales,1.9173625658485607
WP2,R,0h,Phosphorus metabolism,Organic P hydrolysis,Eukaryotes,Stramenopiles,3.8211789974967605
WP2,R,0h,Phosphorus metabolism,Organic P hydrolysis,Eukaryotes,Ochrophyta,58.53520502695007
WP2,R,0h,Phosphorus metabolism,Organic P hydrolysis,Eukaryotes,Bacillariophyta,811.2750333832872
WP2,R,0h,Phosphorus metabolism,Organic P hydrolysis,Eukaryotes,Thalassiosira,4.3057049473575155
WP2,R,0h,Phosphorus metabolism,Organic P hydrolysis,Eukaryotes,Chaetoceros,0.21273042693933036
WP2,R,0h,Phosphorus metabolism,Organic P hydrolysis,Eukaryotes,Skeletonema,0.19737747462566613
WP2,R,0h,Phosphorus metabolism,Organic P hydrolysis,Eukaryotes,Pseudo-nitzschia,0.24904048850454008
WP2,R,0h,Phosphorus metabolism,Organic P hydrolysis,Eukaryotes,Glaucophyta,0.16602699233636006
WP2,R,0h,Phosphorus metabolism,Organic P hydrolysis,Eukaryotes,Chlorophyta,5.004378442095426
WP2,R,0h,Phosphorus metabolism,Organic P hydrolysis,Eukaryotes,Amoebozoa,3.9516941309512243
WP2,R,0h,Phosphorus metabolism,Organic P hydrolysis,Eukaryotes,Hacrobia,22.84223693254439
WP2,R,0h,Phosphorus metabolism,Organic P hydrolysis,Eukaryotes,Rhizaria,12.387772343558618
WP2,R,0h,Phosphorus metabolism,Organic P hydrolysis,Eukaryotes,Other eukaryotes,6.998772969984326
WP2,R,0h,Phosphorus metabolism,Organic P hydrolysis,Prokaryotes,Alphaproteobacteria,1.931495316207157
WP2,R,0h,Phosphorus metabolism,Organic P hydrolysis,Prokaryotes,Rhodobacterales,28.7151620499606
WP2,R,0h,Phosphorus metabolism,Organic P hydrolysis,Prokaryotes,Puniceispirillales,1.0536633591564402
WP2,R,0h,Phosphorus metabolism,Organic P hydrolysis,Prokaryotes,Rhizobiales,1.2976160198483346
WP2,R,0h,Phosphorus metabolism,Organic P hydrolysis,Prokaryotes,Gammaproteobacteria,2.5952148800051793
WP2,R,0h,Phosphorus metabolism,Organic P hydrolysis,Prokaryotes,Enterobacterales,47.24725562131131
WP2,R,0h,Phosphorus metabolism,Organic P hydrolysis,Prokaryotes,Pseudomonadales,535.611883066974
WP2,R,0h,Phosphorus metabolism,Organic P hydrolysis,Prokaryotes,SAR86,3.9455989200731976
WP2,R,0h,Phosphorus metabolism,Organic P hydrolysis,Prokaryotes,Bacteroidota,2.6145762178249816
WP2,R,0h,Phosphorus metabolism,Organic P hydrolysis,Prokaryotes,Flavobacteriales,18.87883091413662
WP2,R,0h,Phosphorus metabolism,Organic P hydrolysis,Prokaryotes,Cyanobacteria,1.2031021713065764
WP2,R,0h,Phosphorus metabolism,Organic P hydrolysis,Prokaryotes,Actinobacteriota,1.1341147034266292
WP2,R,0h,Phosphorus metabolism,Organic P hydrolysis,Prokaryotes,Archaea,14.213177995085037
WP2,R,0h,Phosphorus metabolism,Organic P hydrolysis,Prokaryotes,Other prokaryotes,7.542150823507766
WP2,R,0h,Phosphorus metabolism,P starvation response,Eukaryotes,Dinoflagellata,0.1817022334810131
WP2,R,0h,Phosphorus metabolism,P starvation response,Eukaryotes,Gymnodiniales,0.11436397845748611
WP2,R,0h,Phosphorus metabolism,P starvation response,Eukaryotes,Peridiniales,0.0946893548189226
WP2,R,0h,Phosphorus metabolism,P starvation response,Eukaryotes,Suessiales,0.10124756269844377
WP2,R,0h,Phosphorus metabolism,P starvation response,Eukaryotes,Stramenopiles,0.10636521346966518
WP2,R,0h,Phosphorus metabolism,P starvation response,Eukaryotes,Ochrophyta,0.2734052677099977
WP2,R,0h,Phosphorus metabolism,P starvation response,Eukaryotes,Bacillariophyta,6.887338000520817
WP2,R,0h,Phosphorus metabolism,P starvation response,Eukaryotes,Chaetoceros,3.1964637237318425
WP2,R,0h,Phosphorus metabolism,P starvation response,Eukaryotes,Glaucophyta,1.1737578992655533
WP2,R,0h,Phosphorus metabolism,P starvation response,Eukaryotes,Chlorophyta,0.7364041042784997
WP2,R,0h,Phosphorus metabolism,P starvation response,Eukaryotes,Hacrobia,0.23088545772193522
WP2,R,0h,Phosphorus metabolism,P starvation response,Eukaryotes,Rhizaria,0.2734052677099977
WP2,R,0h,Phosphorus metabolism,P starvation response,Eukaryotes,Other eukaryotes,1.0557146039081544
WP2,R,0h,Phosphorus metabolism,P starvation response,Prokaryotes,Alphaproteobacteria,60.15981160355704
WP2,R,0h,Phosphorus metabolism,P starvation response,Prokaryotes,Rhodobacterales,470.5508945852863
WP2,R,0h,Phosphorus metabolism,P starvation response,Prokaryotes,Puniceispirillales,108.73343731399548
WP2,R,0h,Phosphorus metabolism,P starvation response,Prokaryotes,Rhizobiales,5.680610762259911
WP2,R,0h,Phosphorus metabolism,P starvation response,Prokaryotes,Gammaproteobacteria,7.0814871416818495
WP2,R,0h,Phosphorus metabolism,P starvation response,Prokaryotes,Burkholderiales,4.433062556964353
WP2,R,0h,Phosphorus metabolism,P starvation response,Prokaryotes,Enterobacterales,266.87877431641095
WP2,R,0h,Phosphorus metabolism,P starvation response,Prokaryotes,Pseudomonadales,585.7104746492302
WP2,R,0h,Phosphorus metabolism,P starvation response,Prokaryotes,SAR86,5.715325338446201
WP2,R,0h,Phosphorus metabolism,P starvation response,Prokaryotes,Bacteroidota,1.0431164809527633
WP2,R,0h,Phosphorus metabolism,P starvation response,Prokaryotes,Flavobacteriales,107.94879277164526
WP2,R,0h,Phosphorus metabolism,P starvation response,Prokaryotes,Archaea,0.5268316795782201
WP2,R,0h,Phosphorus metabolism,P starvation response,Prokaryotes,Other prokaryotes,12.031429078175417
WP2,R,0h,Phosphorus metabolism,Phosphonate metabolism,Eukaryotes,Dinoflagellata,2.034388352828005
WP2,R,0h,Phosphorus metabolism,Phosphonate metabolism,Eukaryotes,Gonyaulacales,4.195402109463884
WP2,R,0h,Phosphorus metabolism,Phosphonate metabolism,Eukaryotes,Alexandrium,12.182970554459821
WP2,R,0h,Phosphorus metabolism,Phosphonate metabolism,Eukaryotes,Gymnodiniales,0.9056851415474363
WP2,R,0h,Phosphorus metabolism,Phosphonate metabolism,Eukaryotes,Peridiniales,2.680157573140463
WP2,R,0h,Phosphorus metabolism,Phosphonate metabolism,Eukaryotes,Suessiales,0.35764668500280933
WP2,R,0h,Phosphorus metabolism,Phosphonate metabolism,Eukaryotes,Stramenopiles,17.096286745139388
WP2,R,0h,Phosphorus metabolism,Phosphonate metabolism,Eukaryotes,Ochrophyta,5.881160050654855
WP2,R,0h,Phosphorus metabolism,Phosphonate metabolism,Eukaryotes,Bacillariophyta,7.716995348983922
WP2,R,0h,Phosphorus metabolism,Phosphonate metabolism,Eukaryotes,Chaetoceros,0.09868873731283306
WP2,R,0h,Phosphorus metabolism,Phosphonate metabolism,Eukaryotes,Chlorophyta,2.6174521620878686
WP2,R,0h,Phosphorus metabolism,Phosphonate metabolism,Eukaryotes,Amoebozoa,0.22750003579034056
WP2,R,0h,Phosphorus metabolism,Phosphonate metabolism,Eukaryotes,Hacrobia,1.6408613247013044
WP2,R,0h,Phosphorus metabolism,Phosphonate metabolism,Eukaryotes,Rhizaria,0.9811251446951317
WP2,R,0h,Phosphorus metabolism,Phosphonate metabolism,Eukaryotes,Other eukaryotes,3.0439873120698255
WP2,R,0h,Phosphorus metabolism,Phosphonate metabolism,Prokaryotes,Alphaproteobacteria,1.6967308510397414
WP2,R,0h,Phosphorus metabolism,Phosphonate metabolism,Prokaryotes,Rhodobacterales,94.88513419742782
WP2,R,0h,Phosphorus metabolism,Phosphonate metabolism,Prokaryotes,Puniceispirillales,1.0536633591564402
WP2,R,0h,Phosphorus metabolism,Phosphonate metabolism,Prokaryotes,Rhizobiales,5.587829332305704
WP2,R,0h,Phosphorus metabolism,Phosphonate metabolism,Prokaryotes,Gammaproteobacteria,3.525619754566499
WP2,R,0h,Phosphorus metabolism,Phosphonate metabolism,Prokaryotes,Burkholderiales,0.9336231299528707
WP2,R,0h,Phosphorus metabolism,Phosphonate metabolism,Prokaryotes,Enterobacterales,0.46681156497643533
WP2,R,0h,Phosphorus metabolism,Phosphonate metabolism,Prokaryotes,Pseudomonadales,7.068732531196689
WP2,R,0h,Phosphorus metabolism,Phosphonate metabolism,Prokaryotes,SAR86,0.46681156497643533
WP2,R,0h,Phosphorus metabolism,Phosphonate metabolism,Prokaryotes,Bacteroidota,0.4048553492322728
WP2,R,0h,Phosphorus metabolism,Phosphonate metabolism,Prokaryotes,Flavobacteriales,5.573342303232992
WP2,R,0h,Phosphorus metabolism,Phosphonate metabolism,Prokaryotes,Firmicutes,1.6686230021880932
WP2,R,0h,Phosphorus metabolism,Phosphonate metabolism,Prokaryotes,Archaea,1.400434694929306
WP2,R,0h,Phosphorus metabolism,Phosphonate metabolism,Prokaryotes,Other prokaryotes,3.76275342552318
WP2,R,0h,Phosphorus metabolism,Pi mobilization,Eukaryotes,Spirotrichea,3.073465295572522
WP2,R,0h,Phosphorus metabolism,Pi mobilization,Eukaryotes,Choreotrichida,68.66940388986879
WP2,R,0h,Phosphorus metabolism,Pi mobilization,Eukaryotes,Tintinnida,8.488008426958286
WP2,R,0h,Phosphorus metabolism,Pi mobilization,Eukaryotes,Dinoflagellata,5.364472076399534
WP2,R,0h,Phosphorus metabolism,Pi mobilization,Eukaryotes,Gonyaulacales,55.773506815563344
WP2,R,0h,Phosphorus metabolism,Pi mobilization,Eukaryotes,Alexandrium,27.450264020021862
WP2,R,0h,Phosphorus metabolism,Pi mobilization,Eukaryotes,Gymnodiniales,13.52094862794843
WP2,R,0h,Phosphorus metabolism,Pi mobilization,Eukaryotes,Peridiniales,16.99919820804203
WP2,R,0h,Phosphorus metabolism,Pi mobilization,Eukaryotes,Suessiales,33.572197545980174
WP2,R,0h,Phosphorus metabolism,Pi mobilization,Eukaryotes,Symbiodinium,3.566161421338362
WP2,R,0h,Phosphorus metabolism,Pi mobilization,Eukaryotes,Syndiniales,0.44311157694627046
WP2,R,0h,Phosphorus metabolism,Pi mobilization,Eukaryotes,Stramenopiles,75.02728267320128
WP2,R,0h,Phosphorus metabolism,Pi mobilization,Eukaryotes,Ochrophyta,503.10781579424645
WP2,R,0h,Phosphorus metabolism,Pi mobilization,Eukaryotes,Bacillariophyta,740.4698831769699
WP2,R,0h,Phosphorus metabolism,Pi mobilization,Eukaryotes,Thalassiosira,147.69384998366183
WP2,R,0h,Phosphorus metabolism,Pi mobilization,Eukaryotes,Chaetoceros,678.843318608017
WP2,R,0h,Phosphorus metabolism,Pi mobilization,Eukaryotes,Skeletonema,16.071011893127785
WP2,R,0h,Phosphorus metabolism,Pi mobilization,Eukaryotes,Pseudo-nitzschia,57.67655175467694
WP2,R,0h,Phosphorus metabolism,Pi mobilization,Eukaryotes,Glaucophyta,0.7281949265440018
WP2,R,0h,Phosphorus metabolism,Pi mobilization,Eukaryotes,Chlorophyta,67.72441291804282
WP2,R,0h,Phosphorus metabolism,Pi mobilization,Eukaryotes,Amoebozoa,9.747814561629955
WP2,R,0h,Phosphorus metabolism,Pi mobilization,Eukaryotes,Hacrobia,93.78782250991411
WP2,R,0h,Phosphorus metabolism,Pi mobilization,Eukaryotes,Rhizaria,63.395214951347995
WP2,R,0h,Phosphorus metabolism,Pi mobilization,Eukaryotes,Other eukaryotes,144.67703678519305
WP2,R,0h,Phosphorus metabolism,Pi mobilization,Prokaryotes,Alphaproteobacteria,2.4123693854551616
WP2,R,0h,Phosphorus metabolism,Pi mobilization,Prokaryotes,Rhodobacterales,18.3842344473241
WP2,R,0h,Phosphorus metabolism,Pi mobilization,Prokaryotes,Puniceispirillales,1.5804950387346601
WP2,R,0h,Phosphorus metabolism,Pi mobilization,Prokaryotes,Rhizobiales,0.769485026329451
WP2,R,0h,Phosphorus metabolism,Pi mobilization,Prokaryotes,Gammaproteobacteria,45.03592245197148
WP2,R,0h,Phosphorus metabolism,Pi mobilization,Prokaryotes,Burkholderiales,1.175418847256071
WP2,R,0h,Phosphorus metabolism,Pi mobilization,Prokaryotes,Enterobacterales,29.243522465571548
WP2,R,0h,Phosphorus metabolism,Pi mobilization,Prokaryotes,Pseudomonadales,48.67695332841465
WP2,R,0h,Phosphorus metabolism,Pi mobilization,Prokaryotes,Bacteroidota,200.77927359501112
WP2,R,0h,Phosphorus metabolism,Pi mobilization,Prokaryotes,Flavobacteriales,28.216641901788854
WP2,R,0h,Phosphorus metabolism,Pi mobilization,Prokaryotes,Firmicutes,3.046690366306617
WP2,R,0h,Phosphorus metabolism,Pi mobilization,Prokaryotes,Cyanobacteria,0.32440400496208366
WP2,R,0h,Phosphorus metabolism,Pi mobilization,Prokaryotes,Actinobacteriota,1.6699137362830119
WP2,R,0h,Phosphorus metabolism,Pi mobilization,Prokaryotes,Archaea,27.17038422085823
WP2,R,0h,Phosphorus metabolism,Pi mobilization,Prokaryotes,Other prokaryotes,235.28267107868973
WP2,R,72h,Phosphorus metabolism,High affinity transporters,Eukaryotes,Dinoflagellata,1.0614849234338348
WP2,R,72h,Phosphorus metabolism,High affinity transporters,Eukaryotes,Gonyaulacales,3.094802690700233
WP2,R,72h,Phosphorus metabolism,High affinity transporters,Eukaryotes,Gymnodiniales,2.001805768272017
WP2,R,72h,Phosphorus metabolism,High affinity transporters,Eukaryotes,Peridiniales,3.7356682529215854
WP2,R,72h,Phosphorus metabolism,High affinity transporters,Eukaryotes,Suessiales,0.31440137506585397
WP2,R,72h,Phosphorus metabolism,High affinity transporters,Eukaryotes,Stramenopiles,0.11986588713377291
WP2,R,72h,Phosphorus metabolism,High affinity transporters,Eukaryotes,Ochrophyta,0.8867599537050963
WP2,R,72h,Phosphorus metabolism,High affinity transporters,Eukaryotes,Bacillariophyta,4.433576329437834
WP2,R,72h,Phosphorus metabolism,High affinity transporters,Eukaryotes,Thalassiosira,0.10257897914630902
WP2,R,72h,Phosphorus metabolism,High affinity transporters,Eukaryotes,Chlorophyta,1.7988481364057174
WP2,R,72h,Phosphorus metabolism,High affinity transporters,Eukaryotes,Hacrobia,1.083793641014128
WP2,R,72h,Phosphorus metabolism,High affinity transporters,Eukaryotes,Other eukaryotes,10.103779761318338
WP2,R,72h,Phosphorus metabolism,High affinity transporters,Prokaryotes,Alphaproteobacteria,93.69933178455851
WP2,R,72h,Phosphorus metabolism,High affinity transporters,Prokaryotes,Rhodobacterales,1210.3110388723064
WP2,R,72h,Phosphorus metabolism,High affinity transporters,Prokaryotes,Puniceispirillales,167.7849566638643
WP2,R,72h,Phosphorus metabolism,High affinity transporters,Prokaryotes,Rhizobiales,24.60722396449257
WP2,R,72h,Phosphorus metabolism,High affinity transporters,Prokaryotes,Gammaproteobacteria,9.168516835737304
WP2,R,72h,Phosphorus metabolism,High affinity transporters,Prokaryotes,Burkholderiales,9.27898313893029
WP2,R,72h,Phosphorus metabolism,High affinity transporters,Prokaryotes,Enterobacterales,31.57332584380762
WP2,R,72h,Phosphorus metabolism,High affinity transporters,Prokaryotes,Pseudomonadales,715.0373815947111
WP2,R,72h,Phosphorus metabolism,High affinity transporters,Prokaryotes,SAR86,51.71848750683949
WP2,R,72h,Phosphorus metabolism,High affinity transporters,Prokaryotes,Flavobacteriales,4.89036334657496
WP2,R,72h,Phosphorus metabolism,High affinity transporters,Prokaryotes,Archaea,8.201342595281911
WP2,R,72h,Phosphorus metabolism,High affinity transporters,Prokaryotes,Other prokaryotes,22.61148936301706
WP2,R,72h,Phosphorus metabolism,Low affinity transporters,Eukaryotes,Spirotrichea,0.33078614808887896
WP2,R,72h,Phosphorus metabolism,Low affinity transporters,Eukaryotes,Choreotrichida,0.9343757474982567
WP2,R,72h,Phosphorus metabolism,Low affinity transporters,Eukaryotes,Tintinnida,7.922367702836874
WP2,R,72h,Phosphorus metabolism,Low affinity transporters,Eukaryotes,Dinoflagellata,13.019952730636549
WP2,R,72h,Phosphorus metabolism,Low affinity transporters,Eukaryotes,Gonyaulacales,11.253803964470167
WP2,R,72h,Phosphorus metabolism,Low affinity transporters,Eukaryotes,Gymnodiniales,7.63601785638625
WP2,R,72h,Phosphorus metabolism,Low affinity transporters,Eukaryotes,Peridiniales,34.795338592527294
WP2,R,72h,Phosphorus metabolism,Low affinity transporters,Eukaryotes,Suessiales,3.5657459117542984
WP2,R,72h,Phosphorus metabolism,Low affinity transporters,Eukaryotes,Symbiodinium,0.10257897914630902
WP2,R,72h,Phosphorus metabolism,Low affinity transporters,Eukaryotes,Stramenopiles,233.97690375342515
WP2,R,72h,Phosphorus metabolism,Low affinity transporters,Eukaryotes,Ochrophyta,9.257223953251074
WP2,R,72h,Phosphorus metabolism,Low affinity transporters,Eukaryotes,Bacillariophyta,1534.476199856698
WP2,R,72h,Phosphorus metabolism,Low affinity transporters,Eukaryotes,Thalassiosira,69.39680096603212
WP2,R,72h,Phosphorus metabolism,Low affinity transporters,Eukaryotes,Chaetoceros,866.1264631405261
WP2,R,72h,Phosphorus metabolism,Low affinity transporters,Eukaryotes,Skeletonema,36.46216057157183
WP2,R,72h,Phosphorus metabolism,Low affinity transporters,Eukaryotes,Pseudo-nitzschia,17.657831447024147
WP2,R,72h,Phosphorus metabolism,Low affinity transporters,Eukaryotes,Chlorophyta,297.19386078981574
WP2,R,72h,Phosphorus metabolism,Low affinity transporters,Eukaryotes,Amoebozoa,27.682332474177787
WP2,R,72h,Phosphorus metabolism,Low affinity transporters,Eukaryotes,Hacrobia,14.017718065478444
WP2,R,72h,Phosphorus metabolism,Low affinity transporters,Eukaryotes,Rhizaria,7.671894121879327
WP2,R,72h,Phosphorus metabolism,Low affinity transporters,Eukaryotes,Other eukaryotes,2.6689211860808855
WP2,R,72h,Phosphorus metabolism,Low affinity transporters,Prokaryotes,Alphaproteobacteria,9.119964036602184
WP2,R,72h,Phosphorus metabolism,Low affinity transporters,Prokaryotes,Rhodobacterales,27.249907505462293
WP2,R,72h,Phosphorus metabolism,Low affinity transporters,Prokaryotes,Puniceispirillales,4.9242768889252995
WP2,R,72h,Phosphorus metabolism,Low affinity transporters,Prokaryotes,Gammaproteobacteria,802.3595882773211
WP2,R,72h,Phosphorus metabolism,Low affinity transporters,Prokaryotes,Enterobacterales,2.6248223410180325
WP2,R,72h,Phosphorus metabolism,Low affinity transporters,Prokaryotes,Pseudomonadales,260.5454780639261
WP2,R,72h,Phosphorus metabolism,Low affinity transporters,Prokaryotes,SAR86,31.79405206526078
WP2,R,72h,Phosphorus metabolism,Low affinity transporters,Prokaryotes,Bacteroidota,0.7670710455036148
WP2,R,72h,Phosphorus metabolism,Low affinity transporters,Prokaryotes,Flavobacteriales,1.9725789756794516
WP2,R,72h,Phosphorus metabolism,Low affinity transporters,Prokaryotes,Cyanobacteria,1.9511117494131758
WP2,R,72h,Phosphorus metabolism,Low affinity transporters,Prokaryotes,Actinobacteriota,0.396553016837376
WP2,R,72h,Phosphorus metabolism,Low affinity transporters,Prokaryotes,Planctomycetota,43.56083013044253
WP2,R,72h,Phosphorus metabolism,Low affinity transporters,Prokaryotes,Archaea,0.8222010046337012
WP2,R,72h,Phosphorus metabolism,Low affinity transporters,Prokaryotes,Other prokaryotes,1801.6873961809033
WP2,R,72h,Phosphorus metabolism,Organic P hydrolysis,Eukaryotes,Spirotrichea,7.266157394767895
WP2,R,72h,Phosphorus metabolism,Organic P hydrolysis,Eukaryotes,Choreotrichida,0.13493131591226118
WP2,R,72h,Phosphorus metabolism,Organic P hydrolysis,Eukaryotes,Dinoflagellata,87.39732271399247
WP2,R,72h,Phosphorus metabolism,Organic P hydrolysis,Eukaryotes,Gonyaulacales,17.61649334872038
WP2,R,72h,Phosphorus metabolism,Organic P hydrolysis,Eukaryotes,Alexandrium,0.13493131591226118
WP2,R,72h,Phosphorus metabolism,Organic P hydrolysis,Eukaryotes,Gymnodiniales,42.67476693884556
WP2,R,72h,Phosphorus metabolism,Organic P hydrolysis,Eukaryotes,Peridiniales,8.475636764714881
WP2,R,72h,Phosphorus metabolism,Organic P hydrolysis,Eukaryotes,Suessiales,2.082076029838033
WP2,R,72h,Phosphorus metabolism,Organic P hydrolysis,Eukaryotes,Stramenopiles,4.8031346600492855
WP2,R,72h,Phosphorus metabolism,Organic P hydrolysis,Eukaryotes,Ochrophyta,22.56692426777847
WP2,R,72h,Phosphorus metabolism,Organic P hydrolysis,Eukaryotes,Bacillariophyta,165.66296407973783
WP2,R,72h,Phosphorus metabolism,Organic P hydrolysis,Eukaryotes,Thalassiosira,3.805750148133549
WP2,R,72h,Phosphorus metabolism,Organic P hydrolysis,Eukaryotes,Chaetoceros,0.2865495358544504
WP2,R,72h,Phosphorus metabolism,Organic P hydrolysis,Eukaryotes,Skeletonema,0.1187551475292851
WP2,R,72h,Phosphorus metabolism,Organic P hydrolysis,Eukaryotes,Pseudo-nitzschia,0.30773693743892705
WP2,R,72h,Phosphorus metabolism,Organic P hydrolysis,Eukaryotes,Glaucophyta,0.9261939373780731
WP2,R,72h,Phosphorus metabolism,Organic P hydrolysis,Eukaryotes,Chlorophyta,3.338373161371924
WP2,R,72h,Phosphorus metabolism,Organic P hydrolysis,Eukaryotes,Amoebozoa,14.887456718350345
WP2,R,72h,Phosphorus metabolism,Organic P hydrolysis,Eukaryotes,Hacrobia,36.490791887108
WP2,R,72h,Phosphorus metabolism,Organic P hydrolysis,Eukaryotes,Rhizaria,23.827485821109146
WP2,R,72h,Phosphorus metabolism,Organic P hydrolysis,Eukaryotes,Other eukaryotes,33.75988932711491
WP2,R,72h,Phosphorus metabolism,Organic P hydrolysis,Prokaryotes,Alphaproteobacteria,7.455487966558045
WP2,R,72h,Phosphorus metabolism,Organic P hydrolysis,Prokaryotes,Rhodobacterales,8.016837470507317
WP2,R,72h,Phosphorus metabolism,Organic P hydrolysis,Prokaryotes,Puniceispirillales,1.7679080188228151
WP2,R,72h,Phosphorus metabolism,Organic P hydrolysis,Prokaryotes,Rhizobiales,4.374072306875855
WP2,R,72h,Phosphorus metabolism,Organic P hydrolysis,Prokaryotes,Gammaproteobacteria,3.895897148317913
WP2,R,72h,Phosphorus metabolism,Organic P hydrolysis,Prokaryotes,Enterobacterales,5.528560845407124
WP2,R,72h,Phosphorus metabolism,Organic P hydrolysis,Prokaryotes,Pseudomonadales,524.2550487502825
WP2,R,72h,Phosphorus metabolism,Organic P hydrolysis,Prokaryotes,SAR86,1.333227699683175
WP2,R,72h,Phosphorus metabolism,Organic P hydrolysis,Prokaryotes,Bacteroidota,16.233435555174577
WP2,R,72h,Phosphorus metabolism,Organic P hydrolysis,Prokaryotes,Flavobacteriales,4.568306345738535
WP2,R,72h,Phosphorus metabolism,Organic P hydrolysis,Prokaryotes,Cyanobacteria,0.44440923322772496
WP2,R,72h,Phosphorus metabolism,Organic P hydrolysis,Prokaryotes,Archaea,15.97468522388556
WP2,R,72h,Phosphorus metabolism,Organic P hydrolysis,Prokaryotes,Other prokaryotes,45.143089408397046
WP2,R,72h,Phosphorus metabolism,P starvation response,Eukaryotes,Spirotrichea,4.144684316889837
WP2,R,72h,Phosphorus metabolism,P starvation response,Eukaryotes,Dinoflagellata,4.4767127784591025
WP2,R,72h,Phosphorus metabolism,P starvation response,Eukaryotes,Gymnodiniales,0.2586689270747482
WP2,R,72h,Phosphorus metabolism,P starvation response,Eukaryotes,Peridiniales,0.10257897914630902
WP2,R,72h,Phosphorus metabolism,P starvation response,Eukaryotes,Suessiales,0.21816354975691107
WP2,R,72h,Phosphorus metabolism,P starvation response,Eukaryotes,Ochrophyta,0.10257897914630902
WP2,R,72h,Phosphorus metabolism,P starvation response,Eukaryotes,Bacillariophyta,72.28842763390409
WP2,R,72h,Phosphorus metabolism,P starvation response,Eukaryotes,Chaetoceros,38.63000788120075
WP2,R,72h,Phosphorus metabolism,P starvation response,Eukaryotes,Glaucophyta,0.2084901771060815
WP2,R,72h,Phosphorus metabolism,P starvation response,Eukaryotes,Hacrobia,0.43426726219962686
WP2,R,72h,Phosphorus metabolism,P starvation response,Eukaryotes,Rhizaria,0.761950948897749
WP2,R,72h,Phosphorus metabolism,P starvation response,Eukaryotes,Other eukaryotes,1.963910309874955
WP2,R,72h,Phosphorus metabolism,P starvation response,Prokaryotes,Alphaproteobacteria,22.037988777023966
WP2,R,72h,Phosphorus metabolism,P starvation response,Prokaryotes,Rhodobacterales,127.46479888726421
WP2,R,72h,Phosphorus metabolism,P starvation response,Prokaryotes,Puniceispirillales,80.75529908057636
WP2,R,72h,Phosphorus metabolism,P starvation response,Prokaryotes,Rhizobiales,7.538662311949375
WP2,R,72h,Phosphorus metabolism,P starvation response,Prokaryotes,Gammaproteobacteria,0.8669972382362381
WP2,R,72h,Phosphorus metabolism,P starvation response,Prokaryotes,Burkholderiales,2.5332204757228522
WP2,R,72h,Phosphorus metabolism,P starvation response,Prokaryotes,Enterobacterales,12.676244062567974
WP2,R,72h,Phosphorus metabolism,P starvation response,Prokaryotes,Pseudomonadales,438.7149749653484
WP2,R,72h,Phosphorus metabolism,P starvation response,Prokaryotes,SAR86,2.8003983269157198
WP2,R,72h,Phosphorus metabolism,P starvation response,Prokaryotes,Bacteroidota,2.638068432313273
WP2,R,72h,Phosphorus metabolism,P starvation response,Prokaryotes,Flavobacteriales,13.91801751397609
WP2,R,72h,Phosphorus metabolism,P starvation response,Prokaryotes,Archaea,0.8222010046337012
WP2,R,72h,Phosphorus metabolism,P starvation response,Prokaryotes,Other prokaryotes,6.5174086970616045
WP2,R,72h,Phosphorus metabolism,Phosphonate metabolism,Eukaryotes,Dinoflagellata,4.84979503779768
WP2,R,72h,Phosphorus metabolism,Phosphonate metabolism,Eukaryotes,Gonyaulacales,2.1991415865879524
WP2,R,72h,Phosphorus metabolism,Phosphonate metabolism,Eukaryotes,Alexandrium,4.285639422061279
WP2,R,72h,Phosphorus metabolism,Phosphonate metabolism,Eukaryotes,Gymnodiniales,5.890092559647038
WP2,R,72h,Phosphorus metabolism,Phosphonate metabolism,Eukaryotes,Peridiniales,5.959074291645843
WP2,R,72h,Phosphorus metabolism,Phosphonate metabolism,Eukaryotes,Suessiales,0.4705200925625918
WP2,R,72h,Phosphorus metabolism,Phosphonate metabolism,Eukaryotes,Stramenopiles,8.909067947199206
WP2,R,72h,Phosphorus metabolism,Phosphonate metabolism,Eukaryotes,Ochrophyta,13.851576881578705
WP2,R,72h,Phosphorus metabolism,Phosphonate metabolism,Eukaryotes,Bacillariophyta,9.223052112984963
WP2,R,72h,Phosphorus metabolism,Phosphonate metabolism,Eukaryotes,Chaetoceros,0.17226611631141525
WP2,R,72h,Phosphorus metabolism,Phosphonate metabolism,Eukaryotes,Chlorophyta,1.040297521849358
WP2,R,72h,Phosphorus metabolism,Phosphonate metabolism,Eukaryotes,Amoebozoa,1.2562395923972935
WP2,R,72h,Phosphorus metabolism,Phosphonate metabolism,Eukaryotes,Hacrobia,2.779984106354281
WP2,R,72h,Phosphorus metabolism,Phosphonate metabolism,Eukaryotes,Rhizaria,12.176776104128018
WP2,R,72h,Phosphorus metabolism,Phosphonate metabolism,Eukaryotes,Other eukaryotes,7.693519885526559
WP2,R,72h,Phosphorus metabolism,Phosphonate metabolism,Prokaryotes,Alphaproteobacteria,2.5464665670180926
WP2,R,72h,Phosphorus metabolism,Phosphonate metabolism,Prokaryotes,Rhodobacterales,116.27885099653011
WP2,R,72h,Phosphorus metabolism,Phosphonate metabolism,Prokaryotes,Puniceispirillales,0.4662304614469369
WP2,R,72h,Phosphorus metabolism,Phosphonate metabolism,Prokaryotes,Rhizobiales,21.210169425787697
WP2,R,72h,Phosphorus metabolism,Phosphonate metabolism,Prokaryotes,Gammaproteobacteria,17.00064279653721
WP2,R,72h,Phosphorus metabolism,Phosphonate metabolism,Prokaryotes,Enterobacterales,0.7305991393385209
WP2,R,72h,Phosphorus metabolism,Phosphonate metabolism,Prokaryotes,Pseudomonadales,8.046732216677443
WP2,R,72h,Phosphorus metabolism,Phosphonate metabolism,Prokaryotes,Bacteroidota,1.5382526584927474
WP2,R,72h,Phosphorus metabolism,Phosphonate metabolism,Prokaryotes,Flavobacteriales,1.3363908749373945
WP2,R,72h,Phosphorus metabolism,Phosphonate metabolism,Prokaryotes,Firmicutes,2.1065219032288214
WP2,R,72h,Phosphorus metabolism,Phosphonate metabolism,Prokaryotes,Actinobacteriota,0.7670710455036148
WP2,R,72h,Phosphorus metabolism,Phosphonate metabolism,Prokaryotes,Planctomycetota,0.37051802866623884
WP2,R,72h,Phosphorus metabolism,Phosphonate metabolism,Prokaryotes,Archaea,0.7410360573324777
WP2,R,72h,Phosphorus metabolism,Phosphonate metabolism,Prokaryotes,Other prokaryotes,7.883602546863821
WP2,R,72h,Phosphorus metabolism,Pi mobilization,Eukaryotes,Spirotrichea,32.95832925307155
WP2,R,72h,Phosphorus metabolism,Pi mobilization,Eukaryotes,Choreotrichida,473.2455177143342
WP2,R,72h,Phosphorus metabolism,Pi mobilization,Eukaryotes,Tintinnida,29.482117745744166
WP2,R,72h,Phosphorus metabolism,Pi mobilization,Eukaryotes,Dinoflagellata,17.93697605218201
WP2,R,72h,Phosphorus metabolism,Pi mobilization,Eukaryotes,Gonyaulacales,246.33192454923136
WP2,R,72h,Phosphorus metabolism,Pi mobilization,Eukaryotes,Alexandrium,52.10933080063062
WP2,R,72h,Phosphorus metabolism,Pi mobilization,Eukaryotes,Gymnodiniales,28.15661544312382
WP2,R,72h,Phosphorus metabolism,Pi mobilization,Eukaryotes,Peridiniales,40.618584416761756
WP2,R,72h,Phosphorus metabolism,Pi mobilization,Eukaryotes,Suessiales,40.46594732242683
WP2,R,72h,Phosphorus metabolism,Pi mobilization,Eukaryotes,Symbiodinium,2.4181243213337766
WP2,R,72h,Phosphorus metabolism,Pi mobilization,Eukaryotes,Syndiniales,1.1202081132718733
WP2,R,72h,Phosphorus metabolism,Pi mobilization,Eukaryotes,Stramenopiles,38.47842324855226
WP2,R,72h,Phosphorus metabolism,Pi mobilization,Eukaryotes,Ochrophyta,37.689148627438826
WP2,R,72h,Phosphorus metabolism,Pi mobilization,Eukaryotes,Bacillariophyta,164.25071073550973
WP2,R,72h,Phosphorus metabolism,Pi mobilization,Eukaryotes,Thalassiosira,10.101881565898921
WP2,R,72h,Phosphorus metabolism,Pi mobilization,Eukaryotes,Chaetoceros,179.70029390976185
WP2,R,72h,Phosphorus metabolism,Pi mobilization,Eukaryotes,Skeletonema,1.3517369246365778
WP2,R,72h,Phosphorus metabolism,Pi mobilization,Eukaryotes,Pseudo-nitzschia,0.8455428528858993
WP2,R,72h,Phosphorus metabolism,Pi mobilization,Eukaryotes,Glaucophyta,2.7187796118656795
WP2,R,72h,Phosphorus metabolism,Pi mobilization,Eukaryotes,Chlorophyta,57.76788163724545
WP2,R,72h,Phosphorus metabolism,Pi mobilization,Eukaryotes,Amoebozoa,93.9294067228259
WP2,R,72h,Phosphorus metabolism,Pi mobilization,Eukaryotes,Hacrobia,99.73883870820659
WP2,R,72h,Phosphorus metabolism,Pi mobilization,Eukaryotes,Rhizaria,153.57789736028448
WP2,R,72h,Phosphorus metabolism,Pi mobilization,Eukaryotes,Other eukaryotes,83.69714883039305
WP2,R,72h,Phosphorus metabolism,Pi mobilization,Prokaryotes,Alphaproteobacteria,2.032276696714399
WP2,R,72h,Phosphorus metabolism,Pi mobilization,Prokaryotes,Rhodobacterales,7.932155345998939
WP2,R,72h,Phosphorus metabolism,Pi mobilization,Prokaryotes,Puniceispirillales,0.8423668367157426
WP2,R,72h,Phosphorus metabolism,Pi mobilization,Prokaryotes,Rhizobiales,0.42258800500851307
WP2,R,72h,Phosphorus metabolism,Pi mobilization,Prokaryotes,Gammaproteobacteria,30.416028131975064
WP2,R,72h,Phosphorus metabolism,Pi mobilization,Prokaryotes,Burkholderiales,1.9378656581179357
WP2,R,72h,Phosphorus metabolism,Pi mobilization,Prokaryotes,Enterobacterales,45.861010082198604
WP2,R,72h,Phosphorus metabolism,Pi mobilization,Prokaryotes,Pseudomonadales,105.4612539582816
WP2,R,72h,Phosphorus metabolism,Pi mobilization,Prokaryotes,SAR86,0.42258800500851307
WP2,R,72h,Phosphorus metabolism,Pi mobilization,Prokaryotes,Bacteroidota,78.76929923758469
WP2,R,72h,Phosphorus metabolism,Pi mobilization,Prokaryotes,Flavobacteriales,9.069287225749449
WP2,R,72h,Phosphorus metabolism,Pi mobilization,Prokaryotes,Firmicutes,1.664317031862915
WP2,R,72h,Phosphorus metabolism,Pi mobilization,Prokaryotes,Actinobacteriota,15.824687031739666
WP2,R,72h,Phosphorus metabolism,Pi mobilization,Prokaryotes,Planctomycetota,0.5818120311704954
WP2,R,72h,Phosphorus metabolism,Pi mobilization,Prokaryotes,Archaea,22.164897350159023
WP2,R,72h,Phosphorus metabolism,Pi mobilization,Prokaryotes,Other prokaryotes,522.7276661017902
WP2,R+P,0h,Phosphorus metabolism,High affinity transporters,Eukaryotes,Dinoflagellata,0.5667277921690677
WP2,R+P,0h,Phosphorus metabolism,High affinity transporters,Eukaryotes,Gonyaulacales,1.0139476305342403
WP2,R+P,0h,Phosphorus metabolism,High affinity transporters,Eukaryotes,Gymnodiniales,0.5047648895658432
WP2,R+P,0h,Phosphorus metabolism,High affinity transporters,Eukaryotes,Peridiniales,0.4029283413721638
WP2,R+P,0h,Phosphorus metabolism,High affinity transporters,Eukaryotes,Suessiales,0.2568002961854755
WP2,R+P,0h,Phosphorus metabolism,High affinity transporters,Eukaryotes,Ochrophyta,8.319220060193954
WP2,R+P,0h,Phosphorus metabolism,High affinity transporters,Eukaryotes,Bacillariophyta,2.328987054246965
WP2,R+P,0h,Phosphorus metabolism,High affinity transporters,Eukaryotes,Chlorophyta,2.359799031097372
WP2,R+P,0h,Phosphorus metabolism,High affinity transporters,Eukaryotes,Hacrobia,0.5047648895658432
WP2,R+P,0h,Phosphorus metabolism,High affinity transporters,Eukaryotes,Rhizaria,0.31876319878869985
WP2,R+P,0h,Phosphorus metabolism,High affinity transporters,Eukaryotes,Other eukaryotes,0.8102745341468816
WP2,R+P,0h,Phosphorus metabolism,High affinity transporters,Prokaryotes,Alphaproteobacteria,21.961273572408814
WP2,R+P,0h,Phosphorus metabolism,High affinity transporters,Prokaryotes,Rhodobacterales,162.71010561486003
WP2,R+P,0h,Phosphorus metabolism,High affinity transporters,Prokaryotes,Puniceispirillales,2.262467421326501
WP2,R+P,0h,Phosphorus metabolism,High affinity transporters,Prokaryotes,Rhizobiales,0.509302444200338
WP2,R+P,0h,Phosphorus metabolism,High affinity transporters,Prokaryotes,Gammaproteobacteria,0.5920847535793674
WP2,R+P,0h,Phosphorus metabolism,High affinity transporters,Prokaryotes,Burkholderiales,0.7370030412417492
WP2,R+P,0h,Phosphorus metabolism,High affinity transporters,Prokaryotes,Enterobacterales,132.59995497183525
WP2,R+P,0h,Phosphorus metabolism,High affinity transporters,Prokaryotes,Pseudomonadales,92.74162203428241
WP2,R+P,0h,Phosphorus metabolism,High affinity transporters,Prokaryotes,SAR86,0.6658441387376594
WP2,R+P,0h,Phosphorus metabolism,High affinity transporters,Prokaryotes,Flavobacteriales,2.3324048475724592
WP2,R+P,0h,Phosphorus metabolism,High affinity transporters,Prokaryotes,Actinobacteriota,1.2797179346018652
WP2,R+P,0h,Phosphorus metabolism,High affinity transporters,Prokaryotes,Archaea,1.6080891593258413
WP2,R+P,0h,Phosphorus metabolism,High affinity transporters,Prokaryotes,Other prokaryotes,1.5061182903161754
WP2,R+P,0h,Phosphorus metabolism,Low affinity transporters,Eukaryotes,Spirotrichea,0.26121814758802936
WP2,R+P,0h,Phosphorus metabolism,Low affinity transporters,Eukaryotes,Choreotrichida,0.20367309638735884
WP2,R+P,0h,Phosphorus metabolism,Low affinity transporters,Eukaryotes,Tintinnida,0.9562895963660996
WP2,R+P,0h,Phosphorus metabolism,Low affinity transporters,Eukaryotes,Dinoflagellata,10.236330087296178
WP2,R+P,0h,Phosphorus metabolism,Low affinity transporters,Eukaryotes,Gonyaulacales,2.6077636244777396
WP2,R+P,0h,Phosphorus metabolism,Low affinity transporters,Eukaryotes,Gymnodiniales,6.884559699709865
WP2,R+P,0h,Phosphorus metabolism,Low affinity transporters,Eukaryotes,Peridiniales,31.050520615494822
WP2,R+P,0h,Phosphorus metabolism,Low affinity transporters,Eukaryotes,Suessiales,9.430247438616908
WP2,R+P,0h,Phosphorus metabolism,Low affinity transporters,Eukaryotes,Symbiodinium,0.743780797173633
WP2,R+P,0h,Phosphorus metabolism,Low affinity transporters,Eukaryotes,Stramenopiles,14.978356355406099
WP2,R+P,0h,Phosphorus metabolism,Low affinity transporters,Eukaryotes,Ochrophyta,1.5540553313205145
WP2,R+P,0h,Phosphorus metabolism,Low affinity transporters,Eukaryotes,Bacillariophyta,59.73716329739213
WP2,R+P,0h,Phosphorus metabolism,Low affinity transporters,Eukaryotes,Thalassiosira,9.700527254944987
WP2,R+P,0h,Phosphorus metabolism,Low affinity transporters,Eukaryotes,Chaetoceros,8.448015648672836
WP2,R+P,0h,Phosphorus metabolism,Low affinity transporters,Eukaryotes,Skeletonema,1.81085562750599
WP2,R+P,0h,Phosphorus metabolism,Low affinity transporters,Eukaryotes,Pseudo-nitzschia,2.8867661606434547
WP2,R+P,0h,Phosphorus metabolism,Low affinity transporters,Eukaryotes,Chlorophyta,31.386842236926267
WP2,R+P,0h,Phosphorus metabolism,Low affinity transporters,Eukaryotes,Amoebozoa,0.4604733925728343
WP2,R+P,0h,Phosphorus metabolism,Low affinity transporters,Eukaryotes,Hacrobia,4.268186338361957
WP2,R+P,0h,Phosphorus metabolism,Low affinity transporters,Eukaryotes,Rhizaria,1.1998363383439135
WP2,R+P,0h,Phosphorus metabolism,Low affinity transporters,Eukaryotes,Other eukaryotes,0.09741869679112555
WP2,R+P,0h,Phosphorus metabolism,Low affinity transporters,Prokaryotes,Alphaproteobacteria,0.5041408614264187
WP2,R+P,0h,Phosphorus metabolism,Low affinity transporters,Prokaryotes,Rhodobacterales,57.47568085041914
WP2,R+P,0h,Phosphorus metabolism,Low affinity transporters,Prokaryotes,Puniceispirillales,9.753302747250034
WP2,R+P,0h,Phosphorus metabolism,Low affinity transporters,Prokaryotes,Gammaproteobacteria,28.410612256681254
WP2,R+P,0h,Phosphorus metabolism,Low affinity transporters,Prokaryotes,Burkholderiales,0.25017914252428514
WP2,R+P,0h,Phosphorus metabolism,Low affinity transporters,Prokaryotes,Enterobacterales,17.217581746500965
WP2,R+P,0h,Phosphorus metabolism,Low affinity transporters,Prokaryotes,Pseudomonadales,71.64367298757088
WP2,R+P,0h,Phosphorus metabolism,Low affinity transporters,Prokaryotes,SAR86,4.000029502527451
WP2,R+P,0h,Phosphorus metabolism,Low affinity transporters,Prokaryotes,Flavobacteriales,14.000418792163263
WP2,R+P,0h,Phosphorus metabolism,Low affinity transporters,Prokaryotes,Cyanobacteria,1.2488272030273195
WP2,R+P,0h,Phosphorus metabolism,Low affinity transporters,Prokaryotes,Actinobacteriota,0.5196256097481765
WP2,R+P,0h,Phosphorus metabolism,Low affinity transporters,Prokaryotes,Planctomycetota,0.5728174288797612
WP2,R+P,0h,Phosphorus metabolism,Low affinity transporters,Prokaryotes,Other prokaryotes,23.71908721327798
WP2,R+P,0h,Phosphorus metabolism,Organic P hydrolysis,Eukaryotes,Spirotrichea,5.689367178703446
WP2,R+P,0h,Phosphorus metabolism,Organic P hydrolysis,Eukaryotes,Choreotrichida,0.09741869679112555
WP2,R+P,0h,Phosphorus metabolism,Organic P hydrolysis,Eukaryotes,Dinoflagellata,33.34393889258642
WP2,R+P,0h,Phosphorus metabolism,Organic P hydrolysis,Eukaryotes,Gonyaulacales,10.316077378477088
WP2,R+P,0h,Phosphorus metabolism,Organic P hydrolysis,Eukaryotes,Gymnodiniales,4.635658885546221
WP2,R+P,0h,Phosphorus metabolism,Organic P hydrolysis,Eukaryotes,Peridiniales,6.9157106254626814
WP2,R+P,0h,Phosphorus metabolism,Organic P hydrolysis,Eukaryotes,Suessiales,2.9265268232664394
WP2,R+P,0h,Phosphorus metabolism,Organic P hydrolysis,Eukaryotes,Stramenopiles,3.922690065222994
WP2,R+P,0h,Phosphorus metabolism,Organic P hydrolysis,Eukaryotes,Ochrophyta,61.28544498170045
WP2,R+P,0h,Phosphorus metabolism,Organic P hydrolysis,Eukaryotes,Bacillariophyta,91.06272052951999
WP2,R+P,0h,Phosphorus metabolism,Organic P hydrolysis,Eukaryotes,Thalassiosira,4.166123824233337
WP2,R+P,0h,Phosphorus metabolism,Organic P hydrolysis,Eukaryotes,Chaetoceros,0.21250879919246657
WP2,R+P,0h,Phosphorus metabolism,Organic P hydrolysis,Eukaryotes,Skeletonema,0.31876319878869985
WP2,R+P,0h,Phosphorus metabolism,Organic P hydrolysis,Eukaryotes,Pseudo-nitzschia,0.31876319878869985
WP2,R+P,0h,Phosphorus metabolism,Organic P hydrolysis,Eukaryotes,Chlorophyta,6.295968616462968
WP2,R+P,0h,Phosphorus metabolism,Organic P hydrolysis,Eukaryotes,Amoebozoa,4.285744761004703
WP2,R+P,0h,Phosphorus metabolism,Organic P hydrolysis,Eukaryotes,Hacrobia,19.915107034130806
WP2,R+P,0h,Phosphorus metabolism,Organic P hydrolysis,Eukaryotes,Rhizaria,12.928371837324852
WP2,R+P,0h,Phosphorus metabolism,Organic P hydrolysis,Eukaryotes,Other eukaryotes,6.495223861447773
WP2,R+P,0h,Phosphorus metabolism,Organic P hydrolysis,Prokaryotes,Alphaproteobacteria,2.4086071852470137
WP2,R+P,0h,Phosphorus metabolism,Organic P hydrolysis,Prokaryotes,Rhodobacterales,25.39817814568738
WP2,R+P,0h,Phosphorus metabolism,Organic P hydrolysis,Prokaryotes,Puniceispirillales,0.7216364405234461
WP2,R+P,0h,Phosphorus metabolism,Organic P hydrolysis,Prokaryotes,Rhizobiales,0.8262077921873141
WP2,R+P,0h,Phosphorus metabolism,Organic P hydrolysis,Prokaryotes,Gammaproteobacteria,1.5266858563428825
WP2,R+P,0h,Phosphorus metabolism,Organic P hydrolysis,Prokaryotes,Enterobacterales,22.00772734433278
WP2,R+P,0h,Phosphorus metabolism,Organic P hydrolysis,Prokaryotes,Pseudomonadales,81.16233930414074
WP2,R+P,0h,Phosphorus metabolism,Organic P hydrolysis,Prokaryotes,SAR86,2.0294870939077154
WP2,R+P,0h,Phosphorus metabolism,Organic P hydrolysis,Prokaryotes,Bacteroidota,3.883992274126583
WP2,R+P,0h,Phosphorus metabolism,Organic P hydrolysis,Prokaryotes,Flavobacteriales,12.099104378803554
WP2,R+P,0h,Phosphorus metabolism,Organic P hydrolysis,Prokaryotes,Cyanobacteria,0.2578624428834367
WP2,R+P,0h,Phosphorus metabolism,Organic P hydrolysis,Prokaryotes,Actinobacteriota,0.33739414894471353
WP2,R+P,0h,Phosphorus metabolism,Organic P hydrolysis,Prokaryotes,Archaea,25.033044702587702
WP2,R+P,0h,Phosphorus metabolism,Organic P hydrolysis,Prokaryotes,Other prokaryotes,6.676172175542189
WP2,R+P,0h,Phosphorus metabolism,P starvation response,Eukaryotes,Dinoflagellata,0.314345347386146
WP2,R+P,0h,Phosphorus metabolism,P starvation response,Eukaryotes,Peridiniales,0.10183654819367942
WP2,R+P,0h,Phosphorus metabolism,P starvation response,Eukaryotes,Suessiales,0.10183654819367942
WP2,R+P,0h,Phosphorus metabolism,P starvation response,Eukaryotes,Stramenopiles,0.10625439959623328
WP2,R+P,0h,Phosphorus metabolism,P starvation response,Eukaryotes,Ochrophyta,0.15496374799179607
WP2,R+P,0h,Phosphorus metabolism,P starvation response,Eukaryotes,Bacillariophyta,13.98717587968945
WP2,R+P,0h,Phosphorus metabolism,P starvation response,Eukaryotes,Chaetoceros,6.477665438805028
WP2,R+P,0h,Phosphorus metabolism,P starvation response,Eukaryotes,Glaucophyta,0.9474538935609919
WP2,R+P,0h,Phosphorus metabolism,P starvation response,Eukaryotes,Chlorophyta,0.943036042158438
WP2,R+P,0h,Phosphorus metabolism,P starvation response,Eukaryotes,Amoebozoa,0.21250879919246657
WP2,R+P,0h,Phosphorus metabolism,P starvation response,Eukaryotes,Hacrobia,0.10625439959623328
WP2,R+P,0h,Phosphorus metabolism,P starvation response,Eukaryotes,Rhizaria,0.1505458965892422
WP2,R+P,0h,Phosphorus metabolism,P starvation response,Eukaryotes,Other eukaryotes,1.0316190361444557
WP2,R+P,0h,Phosphorus metabolism,P starvation response,Prokaryotes,Alphaproteobacteria,11.210208707484897
WP2,R+P,0h,Phosphorus metabolism,P starvation response,Prokaryotes,Rhodobacterales,106.654728073251
WP2,R+P,0h,Phosphorus metabolism,P starvation response,Prokaryotes,Puniceispirillales,46.62059802612716
WP2,R+P,0h,Phosphorus metabolism,P starvation response,Prokaryotes,Rhizobiales,0.38776884532048084
WP2,R+P,0h,Phosphorus metabolism,P starvation response,Prokaryotes,Gammaproteobacteria,4.347825582088973
WP2,R+P,0h,Phosphorus metabolism,P starvation response,Prokaryotes,Burkholderiales,1.0032382876823729
WP2,R+P,0h,Phosphorus metabolism,P starvation response,Prokaryotes,Enterobacterales,33.63354221074998
WP2,R+P,0h,Phosphorus metabolism,P starvation response,Prokaryotes,Pseudomonadales,97.88366142065338
WP2,R+P,0h,Phosphorus metabolism,P starvation response,Prokaryotes,SAR86,9.506334825509017
WP2,R+P,0h,Phosphorus metabolism,P starvation response,Prokaryotes,Bacteroidota,0.4252986585631773
WP2,R+P,0h,Phosphorus metabolism,P starvation response,Prokaryotes,Flavobacteriales,41.1809580345142
WP2,R+P,0h,Phosphorus metabolism,P starvation response,Prokaryotes,Archaea,0.2578624428834367
WP2,R+P,0h,Phosphorus metabolism,P starvation response,Prokaryotes,Other prokaryotes,4.585101004199112
WP2,R+P,0h,Phosphorus metabolism,Phosphonate metabolism,Eukaryotes,Dinoflagellata,2.5769516476273324
WP2,R+P,0h,Phosphorus metabolism,Phosphonate metabolism,Eukaryotes,Gonyaulacales,4.011386042176482
WP2,R+P,0h,Phosphorus metabolism,Phosphonate metabolism,Eukaryotes,Alexandrium,14.115067604428573
WP2,R+P,0h,Phosphorus metabolism,Phosphonate metabolism,Eukaryotes,Gymnodiniales,1.1865827841362517
WP2,R+P,0h,Phosphorus metabolism,Phosphonate metabolism,Eukaryotes,Peridiniales,2.6964596014312274
WP2,R+P,0h,Phosphorus metabolism,Phosphonate metabolism,Eukaryotes,Suessiales,2.231342391520899
WP2,R+P,0h,Phosphorus metabolism,Phosphonate metabolism,Eukaryotes,Stramenopiles,28.518538362665318
WP2,R+P,0h,Phosphorus metabolism,Phosphonate metabolism,Eukaryotes,Ochrophyta,5.423731179712862
WP2,R+P,0h,Phosphorus metabolism,Phosphonate metabolism,Eukaryotes,Bacillariophyta,5.800152412669703
WP2,R+P,0h,Phosphorus metabolism,Phosphonate metabolism,Eukaryotes,Chaetoceros,0.10625439959623328
WP2,R+P,0h,Phosphorus metabolism,Phosphonate metabolism,Eukaryotes,Chlorophyta,1.8329448845187593
WP2,R+P,0h,Phosphorus metabolism,Phosphonate metabolism,Eukaryotes,Amoebozoa,0.45605554117028047
WP2,R+P,0h,Phosphorus metabolism,Phosphonate metabolism,Eukaryotes,Hacrobia,0.9564025793335698
WP2,R+P,0h,Phosphorus metabolism,Phosphonate metabolism,Eukaryotes,Rhizaria,0.6641464889601931
WP2,R+P,0h,Phosphorus metabolism,Phosphonate metabolism,Eukaryotes,Other eukaryotes,4.228312692771502
WP2,R+P,0h,Phosphorus metabolism,Phosphonate metabolism,Prokaryotes,Alphaproteobacteria,0.9385018267448183
WP2,R+P,0h,Phosphorus metabolism,Phosphonate metabolism,Prokaryotes,Rhodobacterales,77.83134698086376
WP2,R+P,0h,Phosphorus metabolism,Phosphonate metabolism,Prokaryotes,Puniceispirillales,0.3704518826115262
WP2,R+P,0h,Phosphorus metabolism,Phosphonate metabolism,Prokaryotes,Rhizobiales,0.5118241617855702
WP2,R+P,0h,Phosphorus metabolism,Phosphonate metabolism,Prokaryotes,Gammaproteobacteria,0.7600529423192037
WP2,R+P,0h,Phosphorus metabolism,Phosphonate metabolism,Prokaryotes,Burkholderiales,0.7434254828082847
WP2,R+P,0h,Phosphorus metabolism,Phosphonate metabolism,Prokaryotes,Enterobacterales,0.5041802439609036
WP2,R+P,0h,Phosphorus metabolism,Phosphonate metabolism,Prokaryotes,Pseudomonadales,5.453034738781011
WP2,R+P,0h,Phosphorus metabolism,Phosphonate metabolism,Prokaryotes,SAR86,0.2578624428834367
WP2,R+P,0h,Phosphorus metabolism,Phosphonate metabolism,Prokaryotes,Bacteroidota,0.24822878053363356
WP2,R+P,0h,Phosphorus metabolism,Phosphonate metabolism,Prokaryotes,Flavobacteriales,2.4214520683800846
WP2,R+P,0h,Phosphorus metabolism,Phosphonate metabolism,Prokaryotes,Firmicutes,2.3091580338225803
WP2,R+P,0h,Phosphorus metabolism,Phosphonate metabolism,Prokaryotes,Archaea,2.6593183008313948
WP2,R+P,0h,Phosphorus metabolism,Phosphonate metabolism,Prokaryotes,Other prokaryotes,4.171937797783076
WP2,R+P,0h,Phosphorus metabolism,Pi mobilization,Eukaryotes,Spirotrichea,4.170767641570832
WP2,R+P,0h,Phosphorus metabolism,Pi mobilization,Eukaryotes,Choreotrichida,111.37124230441303
WP2,R+P,0h,Phosphorus metabolism,Pi mobilization,Eukaryotes,Tintinnida,12.582988547153356
WP2,R+P,0h,Phosphorus metabolism,Pi mobilization,Eukaryotes,Dinoflagellata,5.029638541145806
WP2,R+P,0h,Phosphorus metabolism,Pi mobilization,Eukaryotes,Gonyaulacales,51.52306780711971
WP2,R+P,0h,Phosphorus metabolism,Pi mobilization,Eukaryotes,Alexandrium,35.008327526003306
WP2,R+P,0h,Phosphorus metabolism,Pi mobilization,Eukaryotes,Gymnodiniales,11.387457077244527
WP2,R+P,0h,Phosphorus metabolism,Pi mobilization,Eukaryotes,Peridiniales,17.962654195808152
WP2,R+P,0h,Phosphorus metabolism,Pi mobilization,Eukaryotes,Suessiales,32.7500260941972
WP2,R+P,0h,Phosphorus metabolism,Pi mobilization,Eukaryotes,Symbiodinium,8.21307864356519
WP2,R+P,0h,Phosphorus metabolism,Pi mobilization,Eukaryotes,Syndiniales,1.0891640873451263
WP2,R+P,0h,Phosphorus metabolism,Pi mobilization,Eukaryotes,Stramenopiles,98.52828993798504
WP2,R+P,0h,Phosphorus metabolism,Pi mobilization,Eukaryotes,Ochrophyta,756.8376234767895
WP2,R+P,0h,Phosphorus metabolism,Pi mobilization,Eukaryotes,Bacillariophyta,691.4818340277463
WP2,R+P,0h,Phosphorus metabolism,Pi mobilization,Eukaryotes,Thalassiosira,120.01760933433091
WP2,R+P,0h,Phosphorus metabolism,Pi mobilization,Eukaryotes,Chaetoceros,434.2361027000428
WP2,R+P,0h,Phosphorus metabolism,Pi mobilization,Eukaryotes,Skeletonema,23.501362494954883
WP2,R+P,0h,Phosphorus metabolism,Pi mobilization,Eukaryotes,Pseudo-nitzschia,57.66928140776572
WP2,R+P,0h,Phosphorus metabolism,Pi mobilization,Eukaryotes,Glaucophyta,0.36747254718426264
WP2,R+P,0h,Phosphorus metabolism,Pi mobilization,Eukaryotes,Chlorophyta,73.368199473658
WP2,R+P,0h,Phosphorus metabolism,Pi mobilization,Eukaryotes,Amoebozoa,10.68366290862882
WP2,R+P,0h,Phosphorus metabolism,Pi mobilization,Eukaryotes,Hacrobia,98.0789119075667
WP2,R+P,0h,Phosphorus metabolism,Pi mobilization,Eukaryotes,Rhizaria,58.95181411011599
WP2,R+P,0h,Phosphorus metabolism,Pi mobilization,Eukaryotes,Other eukaryotes,137.95228764314663
WP2,R+P,0h,Phosphorus metabolism,Pi mobilization,Prokaryotes,Alphaproteobacteria,2.0789357191959366
WP2,R+P,0h,Phosphorus metabolism,Pi mobilization,Prokaryotes,Rhodobacterales,14.809683591522473
WP2,R+P,0h,Phosphorus metabolism,Pi mobilization,Prokaryotes,Puniceispirillales,0.6645438974105583
WP2,R+P,0h,Phosphorus metabolism,Pi mobilization,Prokaryotes,Rhizobiales,0.42269817590897524
WP2,R+P,0h,Phosphorus metabolism,Pi mobilization,Prokaryotes,Gammaproteobacteria,60.182949348063104
WP2,R+P,0h,Phosphorus metabolism,Pi mobilization,Prokaryotes,Burkholderiales,0.42269817590897524
WP2,R+P,0h,Phosphorus metabolism,Pi mobilization,Prokaryotes,Enterobacterales,35.5428546563512
WP2,R+P,0h,Phosphorus metabolism,Pi mobilization,Prokaryotes,Pseudomonadales,48.96667337093296
WP2,R+P,0h,Phosphorus metabolism,Pi mobilization,Prokaryotes,SAR86,0.509302444200338
WP2,R+P,0h,Phosphorus metabolism,Pi mobilization,Prokaryotes,Bacteroidota,153.90543567177133
WP2,R+P,0h,Phosphorus metabolism,Pi mobilization,Prokaryotes,Flavobacteriales,16.45961731388766
WP2,R+P,0h,Phosphorus metabolism,Pi mobilization,Prokaryotes,Firmicutes,2.8556161210260598
WP2,R+P,0h,Phosphorus metabolism,Pi mobilization,Prokaryotes,Cyanobacteria,0.5196256097481765
WP2,R+P,0h,Phosphorus metabolism,Pi mobilization,Prokaryotes,Actinobacteriota,2.4964329297965078
WP2,R+P,0h,Phosphorus metabolism,Pi mobilization,Prokaryotes,Planctomycetota,0.8428746342327181
WP2,R+P,0h,Phosphorus metabolism,Pi mobilization,Prokaryotes,Archaea,25.679977523207832
WP2,R+P,0h,Phosphorus metabolism,Pi mobilization,Prokaryotes,Other prokaryotes,394.5466499302432
WP2,R+P,72h,Phosphorus metabolism,High affinity transporters,Eukaryotes,Dinoflagellata,0.7576443144387672
WP2,R+P,72h,Phosphorus metabolism,High affinity transporters,Eukaryotes,Gonyaulacales,6.198442898448428
WP2,R+P,72h,Phosphorus metabolism,High affinity transporters,Eukaryotes,Gymnodiniales,1.6235059427272245
WP2,R+P,72h,Phosphorus metabolism,High affinity transporters,Eukaryotes,Peridiniales,4.922815616060321
WP2,R+P,72h,Phosphorus metabolism,High affinity transporters,Eukaryotes,Stramenopiles,0.21763827192066043
WP2,R+P,72h,Phosphorus metabolism,High affinity transporters,Eukaryotes,Ochrophyta,0.6158334915416986
WP2,R+P,72h,Phosphorus metabolism,High affinity transporters,Eukaryotes,Bacillariophyta,0.8877264888503749
WP2,R+P,72h,Phosphorus metabolism,High affinity transporters,Eukaryotes,Thalassiosira,0.1514243198663105
WP2,R+P,72h,Phosphorus metabolism,High affinity transporters,Eukaryotes,Chlorophyta,1.0907676674812676
WP2,R+P,72h,Phosphorus metabolism,High affinity transporters,Eukaryotes,Hacrobia,0.8550444870979352
WP2,R+P,72h,Phosphorus metabolism,High affinity transporters,Eukaryotes,Other eukaryotes,4.728184290177391
WP2,R+P,72h,Phosphorus metabolism,High affinity transporters,Prokaryotes,Alphaproteobacteria,26.5635217787579
WP2,R+P,72h,Phosphorus metabolism,High affinity transporters,Prokaryotes,Rhodobacterales,91.6071477061155
WP2,R+P,72h,Phosphorus metabolism,High affinity transporters,Prokaryotes,Puniceispirillales,10.686188188240624
WP2,R+P,72h,Phosphorus metabolism,High affinity transporters,Prokaryotes,Rhizobiales,1.7256139005494127
WP2,R+P,72h,Phosphorus metabolism,High affinity transporters,Prokaryotes,Gammaproteobacteria,1.0378283234765588
WP2,R+P,72h,Phosphorus metabolism,High affinity transporters,Prokaryotes,Burkholderiales,0.5092113792448497
WP2,R+P,72h,Phosphorus metabolism,High affinity transporters,Prokaryotes,Enterobacterales,22.120017668551625
WP2,R+P,72h,Phosphorus metabolism,High affinity transporters,Prokaryotes,Pseudomonadales,226.5643203108861
WP2,R+P,72h,Phosphorus metabolism,High affinity transporters,Prokaryotes,SAR86,2.419867999284553
WP2,R+P,72h,Phosphorus metabolism,High affinity transporters,Prokaryotes,Bacteroidota,0.5217155670292348
WP2,R+P,72h,Phosphorus metabolism,High affinity transporters,Prokaryotes,Flavobacteriales,1.277879839358839
WP2,R+P,72h,Phosphorus metabolism,High affinity transporters,Prokaryotes,Other prokaryotes,0.8602560180954829
WP2,R+P,72h,Phosphorus metabolism,Low affinity transporters,Eukaryotes,Spirotrichea,0.677890844852759
WP2,R+P,72h,Phosphorus metabolism,Low affinity transporters,Eukaryotes,Choreotrichida,0.144387130775034
WP2,R+P,72h,Phosphorus metabolism,Low affinity transporters,Eukaryotes,Tintinnida,0.7611321296116714
WP2,R+P,72h,Phosphorus metabolism,Low affinity transporters,Eukaryotes,Dinoflagellata,5.126548529233834
WP2,R+P,72h,Phosphorus metabolism,Low affinity transporters,Eukaryotes,Gonyaulacales,10.271463298428127
WP2,R+P,72h,Phosphorus metabolism,Low affinity transporters,Eukaryotes,Gymnodiniales,11.67287008802138
WP2,R+P,72h,Phosphorus metabolism,Low affinity transporters,Eukaryotes,Peridiniales,22.903876794043356
WP2,R+P,72h,Phosphorus metabolism,Low affinity transporters,Eukaryotes,Suessiales,3.0943839213668585
WP2,R+P,72h,Phosphorus metabolism,Low affinity transporters,Eukaryotes,Stramenopiles,33.67098840921079
WP2,R+P,72h,Phosphorus metabolism,Low affinity transporters,Eukaryotes,Ochrophyta,5.278034407845613
WP2,R+P,72h,Phosphorus metabolism,Low affinity transporters,Eukaryotes,Bacillariophyta,79.01845298773436
WP2,R+P,72h,Phosphorus metabolism,Low affinity transporters,Eukaryotes,Thalassiosira,10.527981618071587
WP2,R+P,72h,Phosphorus metabolism,Low affinity transporters,Eukaryotes,Chaetoceros,23.055788732500964
WP2,R+P,72h,Phosphorus metabolism,Low affinity transporters,Eukaryotes,Skeletonema,9.513722328727978
WP2,R+P,72h,Phosphorus metabolism,Low affinity transporters,Eukaryotes,Pseudo-nitzschia,0.8801665846518837
WP2,R+P,72h,Phosphorus metabolism,Low affinity transporters,Eukaryotes,Chlorophyta,46.21313072514707
WP2,R+P,72h,Phosphorus metabolism,Low affinity transporters,Eukaryotes,Amoebozoa,21.560284909185047
WP2,R+P,72h,Phosphorus metabolism,Low affinity transporters,Eukaryotes,Hacrobia,10.367235938162377
WP2,R+P,72h,Phosphorus metabolism,Low affinity transporters,Eukaryotes,Rhizaria,4.371311503237627
WP2,R+P,72h,Phosphorus metabolism,Low affinity transporters,Eukaryotes,Other eukaryotes,1.7366452941519723
WP2,R+P,72h,Phosphorus metabolism,Low affinity transporters,Prokaryotes,Alphaproteobacteria,0.78397405318933
WP2,R+P,72h,Phosphorus metabolism,Low affinity transporters,Prokaryotes,Rhodobacterales,21.179498478024833
WP2,R+P,72h,Phosphorus metabolism,Low affinity transporters,Prokaryotes,Puniceispirillales,4.329157962020417
WP2,R+P,72h,Phosphorus metabolism,Low affinity transporters,Prokaryotes,Rhizobiales,0.5168641757825201
WP2,R+P,72h,Phosphorus metabolism,Low affinity transporters,Prokaryotes,Gammaproteobacteria,16.404355293954787
WP2,R+P,72h,Phosphorus metabolism,Low affinity transporters,Prokaryotes,Burkholderiales,1.033227405341576
WP2,R+P,72h,Phosphorus metabolism,Low affinity transporters,Prokaryotes,Enterobacterales,5.01831019639711
WP2,R+P,72h,Phosphorus metabolism,Low affinity transporters,Prokaryotes,Pseudomonadales,162.8675309003332
WP2,R+P,72h,Phosphorus metabolism,Low affinity transporters,Prokaryotes,SAR86,7.049416721428045
WP2,R+P,72h,Phosphorus metabolism,Low affinity transporters,Prokaryotes,Flavobacteriales,2.4137642424791776
WP2,R+P,72h,Phosphorus metabolism,Low affinity transporters,Prokaryotes,Cyanobacteria,1.573550916960571
WP2,R+P,72h,Phosphorus metabolism,Low affinity transporters,Prokaryotes,Planctomycetota,1.2048321352838296
WP2,R+P,72h,Phosphorus metabolism,Low affinity transporters,Prokaryotes,Archaea,1.0184227584896994
WP2,R+P,72h,Phosphorus metabolism,Low affinity transporters,Prokaryotes,Other prokaryotes,24.181370614876332
WP2,R+P,72h,Phosphorus metabolism,Organic P hydrolysis,Eukaryotes,Spirotrichea,7.6169615304639455
WP2,R+P,72h,Phosphorus metabolism,Organic P hydrolysis,Eukaryotes,Dinoflagellata,101.42245333314816
WP2,R+P,72h,Phosphorus metabolism,Organic P hydrolysis,Eukaryotes,Gonyaulacales,22.544065369267454
WP2,R+P,72h,Phosphorus metabolism,Organic P hydrolysis,Eukaryotes,Alexandrium,0.2958114506413445
WP2,R+P,72h,Phosphorus metabolism,Organic P hydrolysis,Eukaryotes,Gymnodiniales,45.45816154498984
WP2,R+P,72h,Phosphorus metabolism,Organic P hydrolysis,Eukaryotes,Peridiniales,7.915957853923298
WP2,R+P,72h,Phosphorus metabolism,Organic P hydrolysis,Eukaryotes,Suessiales,2.941879074770204
WP2,R+P,72h,Phosphorus metabolism,Organic P hydrolysis,Eukaryotes,Stramenopiles,6.798245074298205
WP2,R+P,72h,Phosphorus metabolism,Organic P hydrolysis,Eukaryotes,Ochrophyta,29.51107718403511
WP2,R+P,72h,Phosphorus metabolism,Organic P hydrolysis,Eukaryotes,Bacillariophyta,39.28984863150325
WP2,R+P,72h,Phosphorus metabolism,Organic P hydrolysis,Eukaryotes,Thalassiosira,9.67951316370318
WP2,R+P,72h,Phosphorus metabolism,Organic P hydrolysis,Eukaryotes,Chaetoceros,0.1514243198663105
WP2,R+P,72h,Phosphorus metabolism,Organic P hydrolysis,Eukaryotes,Skeletonema,0.288774261550068
WP2,R+P,72h,Phosphorus metabolism,Organic P hydrolysis,Eukaryotes,Glaucophyta,0.609707809745361
WP2,R+P,72h,Phosphorus metabolism,Organic P hydrolysis,Eukaryotes,Chlorophyta,2.680680101161114
WP2,R+P,72h,Phosphorus metabolism,Organic P hydrolysis,Eukaryotes,Amoebozoa,10.789215688196592
WP2,R+P,72h,Phosphorus metabolism,Organic P hydrolysis,Eukaryotes,Hacrobia,28.454045582807073
WP2,R+P,72h,Phosphorus metabolism,Organic P hydrolysis,Eukaryotes,Rhizaria,16.863651340712835
WP2,R+P,72h,Phosphorus metabolism,Organic P hydrolysis,Eukaryotes,Other eukaryotes,25.601644446539375
WP2,R+P,72h,Phosphorus metabolism,Organic P hydrolysis,Prokaryotes,Alphaproteobacteria,1.3917424583014237
WP2,R+P,72h,Phosphorus metabolism,Organic P hydrolysis,Prokaryotes,Rhodobacterales,6.703610128302412
WP2,R+P,72h,Phosphorus metabolism,Organic P hydrolysis,Prokaryotes,Puniceispirillales,0.7791226619426153
WP2,R+P,72h,Phosphorus metabolism,Organic P hydrolysis,Prokaryotes,Rhizobiales,1.2061987925876692
WP2,R+P,72h,Phosphorus metabolism,Organic P hydrolysis,Prokaryotes,Gammaproteobacteria,2.0980678892807614
WP2,R+P,72h,Phosphorus metabolism,Organic P hydrolysis,Prokaryotes,Enterobacterales,3.105785972830103
WP2,R+P,72h,Phosphorus metabolism,Organic P hydrolysis,Prokaryotes,Pseudomonadales,38.58883854092128
WP2,R+P,72h,Phosphorus metabolism,Organic P hydrolysis,Prokaryotes,SAR86,0.7735198513607042
WP2,R+P,72h,Phosphorus metabolism,Organic P hydrolysis,Prokaryotes,Bacteroidota,3.960940126567139
WP2,R+P,72h,Phosphorus metabolism,Organic P hydrolysis,Prokaryotes,Flavobacteriales,6.559246142313143
WP2,R+P,72h,Phosphorus metabolism,Organic P hydrolysis,Prokaryotes,Archaea,1.8990862340189698
WP2,R+P,72h,Phosphorus metabolism,Organic P hydrolysis,Prokaryotes,Other prokaryotes,9.334895879949865
WP2,R+P,72h,Phosphorus metabolism,P starvation response,Eukaryotes,Spirotrichea,2.7506740053147096
WP2,R+P,72h,Phosphorus metabolism,P starvation response,Eukaryotes,Dinoflagellata,1.784543759562777
WP2,R+P,72h,Phosphorus metabolism,P starvation response,Eukaryotes,Gymnodiniales,0.4113580905086525
WP2,R+P,72h,Phosphorus metabolism,P starvation response,Eukaryotes,Suessiales,0.20567904525432626
WP2,R+P,72h,Phosphorus metabolism,P starvation response,Eukaryotes,Ochrophyta,0.577548523100136
WP2,R+P,72h,Phosphorus metabolism,P starvation response,Eukaryotes,Bacillariophyta,71.47965978461866
WP2,R+P,72h,Phosphorus metabolism,P starvation response,Eukaryotes,Chaetoceros,18.562528427474348
WP2,R+P,72h,Phosphorus metabolism,P starvation response,Eukaryotes,Hacrobia,0.144387130775034
WP2,R+P,72h,Phosphorus metabolism,P starvation response,Eukaryotes,Rhizaria,1.201392269773518
WP2,R+P,72h,Phosphorus metabolism,P starvation response,Eukaryotes,Other eukaryotes,2.58676774367485
WP2,R+P,72h,Phosphorus metabolism,P starvation response,Prokaryotes,Alphaproteobacteria,6.8954861343119
WP2,R+P,72h,Phosphorus metabolism,P starvation response,Prokaryotes,Rhodobacterales,24.33019933763403
WP2,R+P,72h,Phosphorus metabolism,P starvation response,Prokaryotes,Puniceispirillales,50.822431196740226
WP2,R+P,72h,Phosphorus metabolism,P starvation response,Prokaryotes,Rhizobiales,0.5140627704915646
WP2,R+P,72h,Phosphorus metabolism,P starvation response,Prokaryotes,Burkholderiales,0.6872846308493897
WP2,R+P,72h,Phosphorus metabolism,P starvation response,Prokaryotes,Enterobacterales,9.336126355887151
WP2,R+P,72h,Phosphorus metabolism,P starvation response,Prokaryotes,Pseudomonadales,130.22185138840356
WP2,R+P,72h,Phosphorus metabolism,P starvation response,Prokaryotes,SAR86,7.748772684521632
WP2,R+P,72h,Phosphorus metabolism,P starvation response,Prokaryotes,Bacteroidota,0.6872846308493897
WP2,R+P,72h,Phosphorus metabolism,P starvation response,Prokaryotes,Flavobacteriales,13.303170239259666
WP2,R+P,72h,Phosphorus metabolism,P starvation response,Prokaryotes,Other prokaryotes,8.272788710618359
WP2,R+P,72h,Phosphorus metabolism,Phosphonate metabolism,Eukaryotes,Dinoflagellata,5.569604750025965
WP2,R+P,72h,Phosphorus metabolism,Phosphonate metabolism,Eukaryotes,Gonyaulacales,4.134676815559356
WP2,R+P,72h,Phosphorus metabolism,Phosphonate metabolism,Eukaryotes,Alexandrium,7.636480661328771
WP2,R+P,72h,Phosphorus metabolism,Phosphonate metabolism,Eukaryotes,Gymnodiniales,4.374860877155999
WP2,R+P,72h,Phosphorus metabolism,Phosphonate metabolism,Eukaryotes,Peridiniales,8.44886514860466
WP2,R+P,72h,Phosphorus metabolism,Phosphonate metabolism,Eukaryotes,Suessiales,1.8547682418972458
WP2,R+P,72h,Phosphorus metabolism,Phosphonate metabolism,Eukaryotes,Stramenopiles,6.878313631782789
WP2,R+P,72h,Phosphorus metabolism,Phosphonate metabolism,Eukaryotes,Ochrophyta,6.118543360399248
WP2,R+P,72h,Phosphorus metabolism,Phosphonate metabolism,Eukaryotes,Bacillariophyta,7.852392573920937
WP2,R+P,72h,Phosphorus metabolism,Phosphonate metabolism,Eukaryotes,Chaetoceros,0.6170371357629788
WP2,R+P,72h,Phosphorus metabolism,Phosphonate metabolism,Eukaryotes,Chlorophyta,0.7517492108233028
WP2,R+P,72h,Phosphorus metabolism,Phosphonate metabolism,Eukaryotes,Amoebozoa,1.2710940370007722
WP2,R+P,72h,Phosphorus metabolism,Phosphonate metabolism,Eukaryotes,Hacrobia,1.1750665279982895
WP2,R+P,72h,Phosphorus metabolism,Phosphonate metabolism,Eukaryotes,Rhizaria,15.357284474261922
WP2,R+P,72h,Phosphorus metabolism,Phosphonate metabolism,Eukaryotes,Other eukaryotes,8.130119116099609
WP2,R+P,72h,Phosphorus metabolism,Phosphonate metabolism,Prokaryotes,Alphaproteobacteria,2.3144095962148343
WP2,R+P,72h,Phosphorus metabolism,Phosphonate metabolism,Prokaryotes,Rhodobacterales,19.826338566206772
WP2,R+P,72h,Phosphorus metabolism,Phosphonate metabolism,Prokaryotes,Puniceispirillales,0.5245169723201903
WP2,R+P,72h,Phosphorus metabolism,Phosphonate metabolism,Prokaryotes,Rhizobiales,0.5245169723201903
WP2,R+P,72h,Phosphorus metabolism,Phosphonate metabolism,Prokaryotes,Gammaproteobacteria,0.5092113792448497
WP2,R+P,72h,Phosphorus metabolism,Phosphonate metabolism,Prokaryotes,Enterobacterales,1.0406297287675144
WP2,R+P,72h,Phosphorus metabolism,Phosphonate metabolism,Prokaryotes,Pseudomonadales,1.0369626123961833
WP2,R+P,72h,Phosphorus metabolism,Phosphonate metabolism,Prokaryotes,Bacteroidota,0.5189141617382794
WP2,R+P,72h,Phosphorus metabolism,Phosphonate metabolism,Prokaryotes,Flavobacteriales,2.0701900177377595
WP2,R+P,72h,Phosphorus metabolism,Phosphonate metabolism,Prokaryotes,Firmicutes,1.0378283234765588
WP2,R+P,72h,Phosphorus metabolism,Phosphonate metabolism,Prokaryotes,Archaea,1.0378283234765588
WP2,R+P,72h,Phosphorus metabolism,Phosphonate metabolism,Prokaryotes,Other prokaryotes,2.409664270567659
WP2,R+P,72h,Phosphorus metabolism,Pi mobilization,Eukaryotes,Spirotrichea,20.405710578091988
WP2,R+P,72h,Phosphorus metabolism,Pi mobilization,Eukaryotes,Choreotrichida,349.5954696151662
WP2,R+P,72h,Phosphorus metabolism,Pi mobilization,Eukaryotes,Tintinnida,24.166244550282464
WP2,R+P,72h,Phosphorus metabolism,Pi mobilization,Eukaryotes,Dinoflagellata,13.106277950253007
WP2,R+P,72h,Phosphorus metabolism,Pi mobilization,Eukaryotes,Gonyaulacales,194.58892975898658
WP2,R+P,72h,Phosphorus metabolism,Pi mobilization,Eukaryotes,Alexandrium,81.30743451531531
WP2,R+P,72h,Phosphorus metabolism,Pi mobilization,Eukaryotes,Gymnodiniales,22.194495446115756
WP2,R+P,72h,Phosphorus metabolism,Pi mobilization,Eukaryotes,Peridiniales,59.406222285049594
WP2,R+P,72h,Phosphorus metabolism,Pi mobilization,Eukaryotes,Suessiales,22.986071308472713
WP2,R+P,72h,Phosphorus metabolism,Pi mobilization,Eukaryotes,Symbiodinium,12.848751468053225
WP2,R+P,72h,Phosphorus metabolism,Pi mobilization,Eukaryotes,Syndiniales,1.3816570805475545
WP2,R+P,72h,Phosphorus metabolism,Pi mobilization,Eukaryotes,Stramenopiles,67.70410483043477
WP2,R+P,72h,Phosphorus metabolism,Pi mobilization,Eukaryotes,Ochrophyta,53.14964805385252
WP2,R+P,72h,Phosphorus metabolism,Pi mobilization,Eukaryotes,Bacillariophyta,125.6088493612348
WP2,R+P,72h,Phosphorus metabolism,Pi mobilization,Eukaryotes,Thalassiosira,6.183323090051444
WP2,R+P,72h,Phosphorus metabolism,Pi mobilization,Eukaryotes,Chaetoceros,105.91447974881002
WP2,R+P,72h,Phosphorus metabolism,Pi mobilization,Eukaryotes,Skeletonema,2.677422864169083
WP2,R+P,72h,Phosphorus metabolism,Pi mobilization,Eukaryotes,Pseudo-nitzschia,2.350813985110644
WP2,R+P,72h,Phosphorus metabolism,Pi mobilization,Eukaryotes,Glaucophyta,6.759437390749427
WP2,R+P,72h,Phosphorus metabolism,Pi mobilization,Eukaryotes,Chlorophyta,42.41732495766738
WP2,R+P,72h,Phosphorus metabolism,Pi mobilization,Eukaryotes,Amoebozoa,91.13704740831479
WP2,R+P,72h,Phosphorus metabolism,Pi mobilization,Eukaryotes,Hacrobia,83.94010005608932
WP2,R+P,72h,Phosphorus metabolism,Pi mobilization,Eukaryotes,Rhizaria,144.56884778904336
WP2,R+P,72h,Phosphorus metabolism,Pi mobilization,Eukaryotes,Other eukaryotes,56.11756073347161
WP2,R+P,72h,Phosphorus metabolism,Pi mobilization,Prokaryotes,Alphaproteobacteria,2.7690450346078825
WP2,R+P,72h,Phosphorus metabolism,Pi mobilization,Prokaryotes,Rhodobacterales,5.8544235500041975
WP2,R+P,72h,Phosphorus metabolism,Pi mobilization,Prokaryotes,Puniceispirillales,1.0383292697000228
WP2,R+P,72h,Phosphorus metabolism,Pi mobilization,Prokaryotes,Gammaproteobacteria,4.647723811193065
WP2,R+P,72h,Phosphorus metabolism,Pi mobilization,Prokaryotes,Burkholderiales,0.5175475044344399
WP2,R+P,72h,Phosphorus metabolism,Pi mobilization,Prokaryotes,Enterobacterales,19.47989484549112
WP2,R+P,72h,Phosphorus metabolism,Pi mobilization,Prokaryotes,Pseudomonadales,40.000852275289944
WP2,R+P,72h,Phosphorus metabolism,Pi mobilization,Prokaryotes,Bacteroidota,19.18870592163801
WP2,R+P,72h,Phosphorus metabolism,Pi mobilization,Prokaryotes,Flavobacteriales,12.074195439487442
WP2,R+P,72h,Phosphorus metabolism,Pi mobilization,Prokaryotes,Firmicutes,0.5092113792448497
WP2,R+P,72h,Phosphorus metabolism,Pi mobilization,Prokaryotes,Cyanobacteria,0.5189141617382794
WP2,R+P,72h,Phosphorus metabolism,Pi mobilization,Prokaryotes,Actinobacteriota,3.113120205572765
WP2,R+P,72h,Phosphorus metabolism,Pi mobilization,Prokaryotes,Planctomycetota,0.5168641757825201
WP2,R+P,72h,Phosphorus metabolism,Pi mobilization,Prokaryotes,Archaea,4.818827594911854
WP2,R+P,72h,Phosphorus metabolism,Pi mobilization,Prokaryotes,Other prokaryotes,119.99074891107637
